#;Name;ISIN;Branche;Ariva Kennzahlen URL
1;Cisco Systems;US17275R1023;Technologie;https://www.ariva.de/aktien/cisco-systems-aktie/kennzahlen/fundamentale-kennzahlen
2;Bristol Myers Squibb;US1101221083;Pharma;https://www.ariva.de/aktien/bristol-myers-squibb-aktie/kennzahlen/fundamentale-kennzahlen
3;Air Products & Chemicals;US0091581068;Chemie;https://www.ariva.de/aktien/air-products-chemicals-aktie/kennzahlen/fundamentale-kennzahlen
4;Keurig Dr Pepper;US49271V1008;Konsumgüter/Getränke;https://www.ariva.de/aktien/keurig-dr-pepper-aktie/kennzahlen/fundamentale-kennzahlen
5;Royal Gold;US7802871084;Bergbau (Edelmetalle);https://www.ariva.de/aktien/royal-gold-aktie/kennzahlen/fundamentale-kennzahlen
6;Republic Services;US7607591002;Entsorgung;https://www.ariva.de/aktien/republic-services-aktie/kennzahlen/fundamentale-kennzahlen
7;GE Vernova;US36828A1016;Energie;https://www.ariva.de/aktien/ge-vernova-inc-aktie/kennzahlen/fundamentale-kennzahlen
8;Dollar General;US2566771059;Einzelhandel;https://www.ariva.de/aktien/dollar-general-aktie/kennzahlen/fundamentale-kennzahlen
9;General Mills;US3703341046;Lebensmittel;https://www.ariva.de/aktien/general-mills-aktie/kennzahlen/fundamentale-kennzahlen
10;Oracle;US68389X1054;Technologie;https://www.ariva.de/aktien/oracle-aktie/kennzahlen/fundamentale-kennzahlen
11;Marvell Technology;US5738741041;Halbleiter;https://www.ariva.de/aktien/marvell-technology-group-inc-aktie/kennzahlen/fundamentale-kennzahlen
12;Intuit;US4612021034;Technologie/Software;https://www.ariva.de/aktien/intuit-aktie/kennzahlen/fundamentale-kennzahlen
13;GE HealthCare Technologies;US36266G1076;Medizintechnik;https://www.ariva.de/aktien/ge-healthcare-technologies-inc-ordinary-shares-aktie/kennzahlen/fundamentale-kennzahlen
14;AT&T;US00206R1023;Telekommunikation;https://www.ariva.de/aktien/at-t-aktie/kennzahlen/fundamentale-kennzahlen
15;Verizon;US92343V1044;Telekommunikation;https://www.ariva.de/aktien/verizon-aktie/kennzahlen/fundamentale-kennzahlen
16;Iberdrola;ES0144580Y14;Versorger;https://www.ariva.de/aktien/iberdrola-aktie/kennzahlen/fundamentale-kennzahlen
17;Hormel Foods;US4404521001;Lebensmittel;https://www.ariva.de/aktien/hormel-foods-aktie/kennzahlen/fundamentale-kennzahlen
18;Repsol;ES0173516115;Energie;https://www.ariva.de/aktien/repsol-aktie/kennzahlen/fundamentale-kennzahlen
19;Accenture;IE00B4BNMY34;IT-Dienstleistungen;https://www.ariva.de/aktien/accenture-aktie/kennzahlen/fundamentale-kennzahlen
20;Kering;FR0000121485;Luxusgüter;https://www.ariva.de/aktien/kering-aktie/kennzahlen/fundamentale-kennzahlen
21;Comcast;US20030N1019;Medien/Telekommunikation;https://www.ariva.de/aktien/comcast-aktie/kennzahlen/fundamentale-kennzahlen
22;Abbott Laboratories;US0028241000;Gesundheitswesen;https://www.ariva.de/aktien/abbott-laboratories-aktie/kennzahlen/fundamentale-kennzahlen
23;Freeport-McMoRan;US35671D8570;Bergbau;https://www.ariva.de/aktien/freeport-mcmoran-aktie/kennzahlen/fundamentale-kennzahlen
24;Ryanair;IE00BYTBXV33;Luftfahrt;https://www.ariva.de/aktien/ryanair-holdings-aktie/kennzahlen/fundamentale-kennzahlen
25;AbbVie;US00287Y1091;Pharma;https://www.ariva.de/aktien/abbvie-aktie/kennzahlen/fundamentale-kennzahlen
26;General Dynamics;US3695501086;Rüstung;https://www.ariva.de/aktien/general-dynamics-aktie/kennzahlen/fundamentale-kennzahlen
27;Enel;IT0003128367;Versorger;https://www.ariva.de/aktien/enel-aktie/kennzahlen/fundamentale-kennzahlen
28;Caterpillar;US1491231015;Industrie/Maschinenbau;https://www.ariva.de/aktien/caterpillar-aktie/kennzahlen/fundamentale-kennzahlen
29;Zoetis;US98978V1035;Tiermedizin;https://www.ariva.de/aktien/zoetis-aktie/kennzahlen/fundamentale-kennzahlen
30;Dell Technologies;US24703L2025;Technologie;https://www.ariva.de/aktien/dell-technologies-inc-aktie/kennzahlen/fundamentale-kennzahlen
31;Carrier Global;US14448C1045;Industrie/Klima;https://www.ariva.de/aktien/carrier-global-aktie/kennzahlen/fundamentale-kennzahlen
32;Colgate-Palmolive;US1941621039;Konsumgüter;https://www.ariva.de/aktien/colgate-palmolive-aktie/kennzahlen/fundamentale-kennzahlen
33;Lowe's Companies;US5486611073;Heimwerkereinzelhandel;https://www.ariva.de/aktien/lowe-s-companies-inc-aktie/kennzahlen/fundamentale-kennzahlen
34;CVS Health;US1266501006;Gesundheitsversorgung;https://www.ariva.de/aktien/cvs-health-aktie/kennzahlen/fundamentale-kennzahlen
35;Procter & Gamble;US7427181091;Konsumgüter;https://www.ariva.de/aktien/procter-gamble-aktie/kennzahlen/fundamentale-kennzahlen
36;Pfizer;US7170811035;Pharma;https://www.ariva.de/aktien/pfizer-aktie/kennzahlen/fundamentale-kennzahlen
37;Clorox;US1890541097;Konsumgüter;https://www.ariva.de/aktien/clorox-aktie/kennzahlen/fundamentale-kennzahlen
38;Paychex;US7043261079;HR-Software/Industrie;https://www.ariva.de/aktien/paychex-aktie/kennzahlen/fundamentale-kennzahlen
39;Fastenal;US3119001044;Industrie/Handel;https://www.ariva.de/aktien/fastenal-aktie/kennzahlen/fundamentale-kennzahlen
40;Constellation Brands;US21036P1084;Getränke;https://www.ariva.de/aktien/constellation-brands-aktie/kennzahlen/fundamentale-kennzahlen
41;Realty Income;US7561091049;Immobilien (REIT);https://www.ariva.de/aktien/realty-income-aktie/kennzahlen/fundamentale-kennzahlen
42;Texas Instruments;US8825081040;Halbleiter;https://www.ariva.de/aktien/texas-instruments-aktie/kennzahlen/fundamentale-kennzahlen
43;Costco Wholesale;US22160K1051;Einzelhandel;https://www.ariva.de/aktien/costco-wholesale-aktie/kennzahlen/fundamentale-kennzahlen
44;EPR Properties;US26884U1097;Immobilien (REIT);https://www.ariva.de/aktien/epr-properties-aktie/kennzahlen/fundamentale-kennzahlen
45;NNN REIT;US6374171063;Immobilien (REIT);https://www.ariva.de/aktien/nnn-reit-inc-aktie/kennzahlen/fundamentale-kennzahlen
46;Agree Realty;US0084921008;Immobilien (REIT);https://www.ariva.de/aktien/agree-realty-corp-aktie/kennzahlen/fundamentale-kennzahlen
47;Tanger Factory Outlet;US8754781031;Immobilien (REIT);https://www.ariva.de/aktien/tanger-inc-aktie/kennzahlen/fundamentale-kennzahlen
48;thyssenkrupp;DE0007500001;Industrie/Stahl;https://www.ariva.de/aktien/thyssenkrupp-aktie/kennzahlen/fundamentale-kennzahlen
49;Nokia;FI0009000681;Technologie/Telekommunikation;https://www.ariva.de/aktien/nokia-aktie/kennzahlen/fundamentale-kennzahlen
50;Kinder Morgan;US49456B1017;Energie/Pipelines;https://www.ariva.de/aktien/kinder-morgan-aktie/kennzahlen/fundamentale-kennzahlen
51;ONEOK;US6826801036;Energie/Pipelines;https://www.ariva.de/aktien/oneok-aktie/kennzahlen/fundamentale-kennzahlen
52;Var Energi;NO0010835652;Energie;https://www.ariva.de/aktien/var-energi-aktie/kennzahlen/fundamentale-kennzahlen
53;D.R. Horton;US23331A1097;Bauwesen;https://www.ariva.de/aktien/dr-horton-aktie/kennzahlen/fundamentale-kennzahlen
54;Siemens Healthineers;DE000SHL1006;Medizintechnik;https://www.ariva.de/aktien/siemens-healthineers-aktie/kennzahlen/fundamentale-kennzahlen
55;Parker-Hannifin;US7010941042;Industrie;https://www.ariva.de/aktien/parker-hannifin-aktie/kennzahlen/fundamentale-kennzahlen
56;Cheniere Energy;US16411R2085;Energie (LNG);https://www.ariva.de/aktien/cheniere-energy-aktie/kennzahlen/fundamentale-kennzahlen
57;Apple;US0378331005;Technologie;https://www.ariva.de/aktien/apple-aktie/kennzahlen/fundamentale-kennzahlen
58;ASML Holding;NL0010273215;Halbleiter;https://www.ariva.de/aktien/asml-holding-aktie/kennzahlen/fundamentale-kennzahlen
59;Omega Healthcare;US6819361006;Gesundheitsimmobilien (REIT);https://www.ariva.de/aktien/omega-healthcare-investors-aktie/kennzahlen/fundamentale-kennzahlen
60;IBM;US4592001014;Technologie;https://www.ariva.de/aktien/ibm-aktie/kennzahlen/fundamentale-kennzahlen
61;American Water Works;US0304201033;Versorger;https://www.ariva.de/aktien/american-water-works-aktie/kennzahlen/fundamentale-kennzahlen
62;Target;US87612E1064;Einzelhandel;https://www.ariva.de/aktien/target-aktie/kennzahlen/fundamentale-kennzahlen
63;ExxonMobil;US30231G1022;Energie;https://www.ariva.de/aktien/exxon-mobil-corp-aktie/kennzahlen/fundamentale-kennzahlen
64;3M;US88579Y1010;Industrie/Konglomerat;https://www.ariva.de/aktien/3m-aktie/kennzahlen/fundamentale-kennzahlen
65;Siemens;DE0007236101;Industrie/Technologie;https://www.ariva.de/aktien/siemens-aktie/kennzahlen/fundamentale-kennzahlen
66;Starbucks;US8552441094;Gastronomie;https://www.ariva.de/aktien/starbucks-aktie/kennzahlen/fundamentale-kennzahlen
67;Eli Lilly;US5324571083;Pharma;https://www.ariva.de/aktien/eli-lilly-and-company-ltd-aktie/kennzahlen/fundamentale-kennzahlen
68;Amgen;US0311621009;Biotechnologie;https://www.ariva.de/aktien/amgen-aktie/kennzahlen/fundamentale-kennzahlen
69;Church & Dwight;US1713401024;Konsumgüter;https://www.ariva.de/aktien/church-dwight-aktie/kennzahlen/fundamentale-kennzahlen
70;Cintas;US1729081059;Industrie/Dienstleistungen;https://www.ariva.de/aktien/cintas-aktie/kennzahlen/fundamentale-kennzahlen
71;Aurubis;DE0006766504;Metalle/Kupfer;https://www.ariva.de/aktien/aurubis-aktie/kennzahlen/fundamentale-kennzahlen
72;Ford Motor;US3453708600;Automobil;https://www.ariva.de/aktien/ford-motor-aktie/kennzahlen/fundamentale-kennzahlen
73;Kroger;US5010441013;Lebensmitteleinzelhandel;https://www.ariva.de/aktien/kroger-company-aktie/kennzahlen/fundamentale-kennzahlen
74;J.M. Smucker;US8326964058;Lebensmittel;https://www.ariva.de/aktien/jm-smucker-company-aktie/kennzahlen/fundamentale-kennzahlen
75;Teradyne;US8807701029;Technologie/Testgeräte;https://www.ariva.de/aktien/teradyne-aktie/kennzahlen/fundamentale-kennzahlen
76;Equinor;NO0010096985;Energie;https://www.ariva.de/aktien/equinor-aktie/kennzahlen/fundamentale-kennzahlen
77;Hermès;FR0000052292;Luxusgüter;https://www.ariva.de/aktien/hermes-aktie/kennzahlen/fundamentale-kennzahlen
78;Aker BP;NO0010345853;Energie;https://www.ariva.de/aktien/aker-bp-aktie/kennzahlen/fundamentale-kennzahlen
79;Chevron;US1667641005;Energie;https://www.ariva.de/aktien/chevron-aktie/kennzahlen/fundamentale-kennzahlen
80;United Parcel Service;US9113121068;Logistik;https://www.ariva.de/aktien/united-parcel-service-aktie/kennzahlen/fundamentale-kennzahlen
81;Hershey;US4278661081;Lebensmittel;https://www.ariva.de/aktien/hershey-company-aktie/kennzahlen/fundamentale-kennzahlen
82;Archer Daniels Midland;US0394831020;Agrar/Lebensmittel;https://www.ariva.de/aktien/archer-daniels-midland-aktie/kennzahlen/fundamentale-kennzahlen
83;Enbridge;CA29250N1050;Energie/Pipelines;https://www.ariva.de/aktien/enbridge-aktie/kennzahlen/fundamentale-kennzahlen
84;KLA Corporation;US4824801009;Halbleiter;https://www.ariva.de/aktien/kla-corp-aktie/kennzahlen/fundamentale-kennzahlen
85;ConocoPhillips;US20825C1045;Energie;https://www.ariva.de/aktien/conocophillips-aktie/kennzahlen/fundamentale-kennzahlen
86;Hasbro;US4180561072;Spielzeug/Unterhaltung;https://www.ariva.de/aktien/hasbro-aktie/kennzahlen/fundamentale-kennzahlen
87;Microsoft;US5949181045;Technologie;https://www.ariva.de/aktien/microsoft-aktie/kennzahlen/fundamentale-kennzahlen
88;Shell;GB00BP6MXD84;Energie;https://www.ariva.de/aktien/shell-aktie/kennzahlen/fundamentale-kennzahlen
89;BP;GB0007980591;Energie;https://www.ariva.de/aktien/bp-aktie/kennzahlen/fundamentale-kennzahlen
90;Imperial Brands;GB0004544929;Tabak;https://www.ariva.de/aktien/imperial-brands-aktie/kennzahlen/fundamentale-kennzahlen
91;GlaxoSmithKline;GB0009252882;Pharma;https://www.ariva.de/aktien/glaxosmithkline-aktie/kennzahlen/fundamentale-kennzahlen
92;Applied Materials;US0382221051;Halbleiter;https://www.ariva.de/aktien/applied-materials-aktie/kennzahlen/fundamentale-kennzahlen
93;AstraZeneca;GB0009895292;Pharma;https://www.ariva.de/aktien/astrazeneca-aktie/kennzahlen/fundamentale-kennzahlen
94;EasyJet;GB0002875804;Luftfahrt;https://www.ariva.de/aktien/easyjet-plc-aktie/kennzahlen/fundamentale-kennzahlen
95;Infineon Technologies;DE0006231004;Halbleiter;https://www.ariva.de/aktien/infineon-aktie/kennzahlen/fundamentale-kennzahlen
96;Mowi;NO0003054108;Lebensmittel (Fisch);https://www.ariva.de/aktien/mowi-asa-aktie/kennzahlen/fundamentale-kennzahlen
97;RTX;US75513E1010;Rüstung/Luft- und Raumfahrt;https://www.ariva.de/aktien/rtx-aktie/kennzahlen/fundamentale-kennzahlen
98;Regeneron Pharmaceuticals;US75886F1075;Biotechnologie;https://www.ariva.de/aktien/regeneron-pharmaceuticals-aktie/kennzahlen/fundamentale-kennzahlen
99;Yum! Brands;US9884981013;Gastronomie;https://www.ariva.de/aktien/yum-brands-aktie/kennzahlen/fundamentale-kennzahlen
100;Northrop Grumman;US6668071029;Rüstung;https://www.ariva.de/aktien/northrop-grumman-aktie/kennzahlen/fundamentale-kennzahlen
101;Organon;US68622V1061;Pharma;https://www.ariva.de/aktien/organon-co-aktie/kennzahlen/fundamentale-kennzahlen
102;Johnson & Johnson;US4781601046;Gesundheitswesen;https://www.ariva.de/aktien/johnson-johnson-aktie/kennzahlen/fundamentale-kennzahlen
103;Xylem;US98419M1009;Wasserversorgung/Industrie;https://www.ariva.de/aktien/xylem-aktie/kennzahlen/fundamentale-kennzahlen
104;Skyworks Solutions;US83088M1027;Halbleiter;https://www.ariva.de/aktien/skyworks-solutions-aktie/kennzahlen/fundamentale-kennzahlen
105;Snap-on;US8330341012;Werkzeuge/Industrie;https://www.ariva.de/aktien/snap-on-aktie/kennzahlen/fundamentale-kennzahlen
106;Tractor Supply;US8923561061;Einzelhandel;https://www.ariva.de/aktien/tractor-supply-company-aktie/kennzahlen/fundamentale-kennzahlen
107;Equinix;US29444U7000;Rechenzentren (REIT);https://www.ariva.de/aktien/equinix-aktie/kennzahlen/fundamentale-kennzahlen
108;Unilever;GB00B10RZP78;Konsumgüter;https://www.ariva.de/aktien/unilever-aktie/kennzahlen/fundamentale-kennzahlen
109;Delta Air Lines;US2473617023;Luftfahrt;https://www.ariva.de/aktien/delta-air-lines-aktie/kennzahlen/fundamentale-kennzahlen
110;Nextera Energy;US65339F1012;Versorger;https://www.ariva.de/aktien/nextera-energy-aktie/kennzahlen/fundamentale-kennzahlen
111;Union Pacific;US9078181081;Eisenbahn;https://www.ariva.de/aktien/union-pacific-aktie/kennzahlen/fundamentale-kennzahlen
112;Barrick Mining;CA0679011084;Bergbau (Gold);https://www.ariva.de/aktien/barrick-gold-aktie/kennzahlen/fundamentale-kennzahlen
113;T-Mobile US;US8725901040;Telekommunikation;https://www.ariva.de/aktien/t-mobile-us-aktie/kennzahlen/fundamentale-kennzahlen
114;First Majestic Silver;CA32076V1031;Bergbau (Silber);https://www.ariva.de/aktien/first-majestic-silver-aktie/kennzahlen/fundamentale-kennzahlen
115;Estee Lauder;US5184391044;Kosmetik;https://www.ariva.de/aktien/estee-lauder-companies-inc-aktie/kennzahlen/fundamentale-kennzahlen
116;Dow Inc.;US2605571031;Chemie;https://www.ariva.de/aktien/dow-aktie/kennzahlen/fundamentale-kennzahlen
117;Honeywell;US4385161066;Industrie/Technologie;https://www.ariva.de/aktien/honeywell-aktie/kennzahlen/fundamentale-kennzahlen
118;Nike;US6541061031;Sportartikel;https://www.ariva.de/aktien/nike-aktie/kennzahlen/fundamentale-kennzahlen
119;Lockheed Martin;US5398301094;Rüstung;https://www.ariva.de/aktien/lockheed-martin-aktie/kennzahlen/fundamentale-kennzahlen
120;Höegh Autoliners;NO0010119947;Schifffahrt;https://www.ariva.de/aktien/hoegh-autoliners-asa-aktie/kennzahlen/fundamentale-kennzahlen
121;Pan American Silver;CA6979001089;Bergbau (Silber);https://www.ariva.de/aktien/pan-american-silver-aktie/kennzahlen/fundamentale-kennzahlen
122;Agnico Eagle Mines;CA0084741085;Bergbau (Gold);https://www.ariva.de/aktien/agnico-eagle-mines-aktie/kennzahlen/fundamentale-kennzahlen
123;Fortescue;AU000000FMG4;Bergbau (Eisenerz);https://www.ariva.de/aktien/fortescue-ltd-aktie/kennzahlen/fundamentale-kennzahlen
124;LyondellBasell Industries;NL0009434992;Chemie;https://www.ariva.de/aktien/lyondellbasell-industries-aktie/kennzahlen/fundamentale-kennzahlen
125;Sherwin-Williams;US8243481061;Farben/Baustoffe;https://www.ariva.de/aktien/sherwin-williams-company-aktie/kennzahlen/fundamentale-kennzahlen
126;McDonald's;US5801351017;Gastronomie;https://www.ariva.de/aktien/mcdonalds-corp-aktie/kennzahlen/fundamentale-kennzahlen
127;Newmont;US6516391066;Bergbau (Gold);https://www.ariva.de/aktien/newmont-aktie/kennzahlen/fundamentale-kennzahlen
128;Lam Research;US5128071082;Halbleiter;https://www.ariva.de/aktien/lam-research-aktie/kennzahlen/fundamentale-kennzahlen
129;Old Dominion Freight Line;US6795801009;Logistik;https://www.ariva.de/aktien/old-dominion-freight-line-aktie/kennzahlen/fundamentale-kennzahlen
130;Rio Tinto;GB0007188757;Bergbau;https://www.ariva.de/aktien/rio-tinto-aktie/kennzahlen/fundamentale-kennzahlen
131;Qualcomm;US7475251036;Halbleiter;https://www.ariva.de/aktien/qualcomm-aktie/kennzahlen/fundamentale-kennzahlen
132;BHP;AU000000BHP4;Bergbau;https://www.ariva.de/aktien/bhp-group-ltd-aktie/kennzahlen/fundamentale-kennzahlen
133;Western Digital;US9581021055;Technologie (Datenspeicher);https://www.ariva.de/aktien/western-digital-aktie/kennzahlen/fundamentale-kennzahlen
134;PepsiCo;US7134481081;Lebensmittel/Getränke;https://www.ariva.de/aktien/pepsico-aktie/kennzahlen/fundamentale-kennzahlen
135;Kraft Heinz;US5007541064;Lebensmittel;https://www.ariva.de/aktien/kraft-heinz-company-aktie/kennzahlen/fundamentale-kennzahlen
136;Kimberly-Clark;US4943681035;Konsumgüter;https://www.ariva.de/aktien/kimberly-clark-aktie/kennzahlen/fundamentale-kennzahlen
137;eBay;US2786421030;E-Commerce;https://www.ariva.de/aktien/eli-lilly-and-company-ltd-aktie/kennzahlen/fundamentale-kennzahlen
138;B2Gold;CA11777Q2099;Bergbau (Gold);https://www.ariva.de/aktien/b2gold-aktie/kennzahlen/fundamentale-kennzahlen
139;General Motors;US37045V1008;Automobil;https://www.ariva.de/aktien/general-motors-aktie/kennzahlen/fundamentale-kennzahlen
140;L3Harris Technologies;US5024311095;Rüstung;https://www.ariva.de/aktien/l3-harris-technologies-inc-aktie/kennzahlen/fundamentale-kennzahlen
141;Royal Caribbean Cruises;LR0008862868;Kreuzfahrt/Touristik;https://www.ariva.de/aktien/royal-caribbean-group-aktie/kennzahlen/fundamentale-kennzahlen
142;Alphabet A;US02079K3059;Technologie;https://www.ariva.de/aktien/alphabet-a-aktie/kennzahlen/fundamentale-kennzahlen
143;UnitedHealth;US91324P1021;Gesundheitsversorgung;https://www.ariva.de/aktien/unitedhealth-group-inc-aktie/kennzahlen/fundamentale-kennzahlen
144;Viatris;US92556V1061;Pharma;https://www.ariva.de/aktien/viatris-aktie/kennzahlen/fundamentale-kennzahlen
145;GE Aerospace;US3696043013;Luft- und Raumfahrt;https://www.ariva.de/aktien/general-aerospace-co-aktie/kennzahlen/fundamentale-kennzahlen
146;FedEx;US31428X1063;Logistik;https://www.ariva.de/aktien/fedex-aktie/kennzahlen/fundamentale-kennzahlen
147;Constellation Energy;US21037T1097;Energie/Versorger;https://www.ariva.de/aktien/constellation-energy-aktie/kennzahlen/fundamentale-kennzahlen
148;Hecla Mining;US4228531031;Bergbau (Silber);https://www.ariva.de/aktien/hecla-mining-aktie/kennzahlen/fundamentale-kennzahlen
149;Occidental Petroleum;US6745991058;Energie;https://www.ariva.de/aktien/occidental-petroleum-aktie/kennzahlen/fundamentale-kennzahlen
150;Novartis;CH0012005267;Pharma;https://www.ariva.de/aktien/novartis-aktie/kennzahlen/fundamentale-kennzahlen
151;Canadian National Railway;CA1363751027;Eisenbahn;https://www.ariva.de/aktien/canadian-national-railway-aktie/kennzahlen/fundamentale-kennzahlen
152;Stanley Black & Decker;US8545021011;Werkzeuge/Industrie;https://www.ariva.de/aktien/stanley-black-decker-aktie/kennzahlen/fundamentale-kennzahlen
153;Weyerhaeuser;US9621661043;Forst/Immobilien (REIT);https://www.ariva.de/aktien/weyerhaeuser-company-aktie/kennzahlen/fundamentale-kennzahlen
154;Simon Property Group;US8288071091;Immobilien (REIT);https://www.ariva.de/aktien/simon-property-group-aktie/kennzahlen/fundamentale-kennzahlen
155;Nvidia;US67066G1040;Halbleiter;https://www.ariva.de/aktien/nvidia-aktie/kennzahlen/fundamentale-kennzahlen
156;Linde plc;IE000S9YS762;Industrie/Gase;https://www.ariva.de/aktien/linde-aktie/kennzahlen/fundamentale-kennzahlen
157;HP Inc.;US40434L1052;Technologie;https://www.ariva.de/aktien/hp-aktie/kennzahlen/fundamentale-kennzahlen
158;Coca-Cola;US1912161007;Getränke;https://www.ariva.de/aktien/coca-cola-aktie/kennzahlen/fundamentale-kennzahlen
159;Waste Management;US94106L1098;Entsorgung;https://www.ariva.de/aktien/waste-management-aktie/kennzahlen/fundamentale-kennzahlen
160;Thermo Fisher Scientific;US8835561023;Labortechnologie;https://www.ariva.de/aktien/thermo-fisher-scientific-aktie/kennzahlen/fundamentale-kennzahlen
161;Albemarle;US0126531013;Chemie (Lithium);https://www.ariva.de/aktien/albemarle-aktie/kennzahlen/fundamentale-kennzahlen
162;Automatic Data Processing;US0530151036;HR/IT-Dienstleistungen;https://www.ariva.de/aktien/automatic-data-processing-aktie/kennzahlen/fundamentale-kennzahlen
163;Gilead Sciences;US3755581036;Biotechnologie;https://www.ariva.de/aktien/gilead-sciences-aktie/kennzahlen/fundamentale-kennzahlen
164;Digital Realty Trust;US2538681030;Rechenzentren (REIT);https://www.ariva.de/aktien/digital-realty-trust-aktie/kennzahlen/fundamentale-kennzahlen
165;Domino's Pizza;US25754A2015;Gastronomie;https://www.ariva.de/aktien/dominos-pizza-aktie/kennzahlen/fundamentale-kennzahlen
166;Crown Castle;US22822V1017;Telekommunikation (REIT);https://www.ariva.de/aktien/crown-castle-inc-aktie/kennzahlen/fundamentale-kennzahlen
167;Devon Energy;US25179M1036;Energie;https://www.ariva.de/aktien/devon-energy-aktie/kennzahlen/fundamentale-kennzahlen
168;Meta Platforms;US30303M1027;Technologie;https://www.ariva.de/aktien/meta-platforms-aktie/kennzahlen/fundamentale-kennzahlen
169;Merck & Co.;US58933Y1055;Pharma;https://www.ariva.de/aktien/merck-co-inc-aktie/kennzahlen/fundamentale-kennzahlen
170;Iron Mountain;US46284V1017;Datenmgmt. (REIT);https://www.ariva.de/aktien/iron-mountain-aktie/kennzahlen/fundamentale-kennzahlen
171;Public Storage;US74460D1090;Lagerimmobilien (REIT);https://www.ariva.de/aktien/public-storage-reit-aktie/kennzahlen/fundamentale-kennzahlen
172;Pembina Pipeline;CA7063271034;Energie/Pipelines;https://www.ariva.de/aktien/pembina-pipeline-aktie/kennzahlen/fundamentale-kennzahlen
173;TSMC (ADR);US8740391003;Halbleiter;https://www.ariva.de/aktien/taiwan-semiconductor-manufacturing-co-ltd-adr-aktie/kennzahlen/fundamentale-kennzahlen
174;Vertiv;US92537N1081;Rechenzentren/Infrastruktur;https://www.ariva.de/aktien/vertiv-holdings-co-aktie/kennzahlen/fundamentale-kennzahlen
175;Prologis;US74340W1036;Logistikimmobilien (REIT);https://www.ariva.de/aktien/prologis-aktie/kennzahlen/fundamentale-kennzahlen
176;Texas Roadhouse;US8821891053;Gastronomie;https://www.ariva.de/aktien/texas-roadhouse-aktie/kennzahlen/fundamentale-kennzahlen
177;Philip Morris;US7181721090;Tabak;https://www.ariva.de/aktien/philip-morris-international-inc-aktie/kennzahlen/fundamentale-kennzahlen
178;VICI Properties;US9256521090;Immobilien/Gaming (REIT);https://www.ariva.de/aktien/vici-properties-aktie/kennzahlen/fundamentale-kennzahlen
179;Walmart;US9311421039;Einzelhandel;https://www.ariva.de/aktien/walmart-aktie/kennzahlen/fundamentale-kennzahlen
180;ZIM Integrated Shipping;IL0011338814;Schifffahrt;https://www.ariva.de/aktien/zim-integrated-shipping-services-ltd-aktie/kennzahlen/fundamentale-kennzahlen
181;Canadian Natural Resources;CA1363851017;Energie;https://www.ariva.de/aktien/canadian-natural-resources-aktie/kennzahlen/fundamentale-kennzahlen
182;Broadcom;US11135F1012;Halbleiter;https://www.ariva.de/aktien/broadcom-aktie/kennzahlen/fundamentale-kennzahlen
183;MPC Container Ships;NO0010791353;Schifffahrt;https://www.ariva.de/aktien/mpc-container-ships-aktie/kennzahlen/fundamentale-kennzahlen
184;Deutsche Telekom;DE0005557508;Telekommunikation;https://www.ariva.de/aktien/deutsche-telekom-aktie/kennzahlen/fundamentale-kennzahlen
185;Mercedes-Benz;DE0007100000;Automobil;https://www.ariva.de/aktien/mercedes-benz-aktie/kennzahlen/fundamentale-kennzahlen
186;Nestlé;CH0038863350;Lebensmittel;https://www.ariva.de/aktien/nestle-aktie/kennzahlen/fundamentale-kennzahlen
187;Airbus;NL0000235190;Luft- und Raumfahrt;https://www.ariva.de/aktien/airbus-aktie/kennzahlen/fundamentale-kennzahlen
188;Ferrari;NL0011585146;Automobil;https://www.ariva.de/aktien/ferrari-aktie/kennzahlen/fundamentale-kennzahlen
189;Vinci;FR0000125486;Infrastruktur/Bau;https://www.ariva.de/aktien/vinci-aktie/kennzahlen/fundamentale-kennzahlen
190;Stellantis;NL00150001Q9;Automobil;https://www.ariva.de/aktien/stellantis-nv-aktie/kennzahlen/fundamentale-kennzahlen
191;E.ON;DE000ENAG999;Versorger;https://www.ariva.de/aktien/e-on-se-aktie/kennzahlen/fundamentale-kennzahlen
192;Beiersdorf;DE0005200000;Konsumgüter;https://www.ariva.de/aktien/beiersdorf-aktie/kennzahlen/fundamentale-kennzahlen
193;Schaeffler;DE000SHA0159;Automobilzulieferer;https://www.ariva.de/aktien/schaeffler-aktie/kennzahlen/fundamentale-kennzahlen
194;Engie;FR0010208488;Versorger;https://www.ariva.de/aktien/engie-aktie/kennzahlen/fundamentale-kennzahlen
195;L'Oréal;FR0000120321;Kosmetik;https://www.ariva.de/aktien/loreal-aktie/kennzahlen/fundamentale-kennzahlen
196;LVMH;FR0000121014;Luxusgüter;https://www.ariva.de/aktien/lvmh-aktie/kennzahlen/fundamentale-kennzahlen
197;Heineken;NL0000009165;Getränke;https://www.ariva.de/aktien/heineken-aktie/kennzahlen/fundamentale-kennzahlen
198;Sanofi;FR0000120578;Pharma;https://www.ariva.de/aktien/sanofi-aktie/kennzahlen/fundamentale-kennzahlen
199;SAP;DE0007164600;Technologie;https://www.ariva.de/aktien/sap-aktie/kennzahlen/fundamentale-kennzahlen
200;Deutsche Post (DHL Group);DE0005552004;Logistik;https://www.ariva.de/aktien/deutsche-post-ag-aktie/kennzahlen/fundamentale-kennzahlen
201;AB InBev;BE0974293251;Getränke;https://www.ariva.de/aktien/anheuser-busch-aktie/kennzahlen/fundamentale-kennzahlen
202;Daimler Truck;DE000DTR0CK8;Automobil;https://www.ariva.de/aktien/daimler-truck-holding-ag-aktie/kennzahlen/fundamentale-kennzahlen
203;Symrise;DE000SYM9999;Chemie/Duftstoffe;https://www.ariva.de/aktien/symrise-aktie/kennzahlen/fundamentale-kennzahlen
204;adidas;DE000A1EWWW0;Sportartikel;https://www.ariva.de/aktien/adidas-aktie/kennzahlen/fundamentale-kennzahlen
205;MTU Aero Engines;DE000A0D9PT0;Luft- und Raumfahrt;https://www.ariva.de/aktien/mtu-aero-engines-aktie/kennzahlen/fundamentale-kennzahlen
206;Allianz;DE0008404005;Versicherung;https://www.ariva.de/aktien/allianz-aktie/kennzahlen/fundamentale-kennzahlen
207;Münchener Rück;DE0008430026;Versicherung/Rückversicherung;https://www.ariva.de/aktien/muenchner-rueckversicherungs-ag-aktie/kennzahlen/fundamentale-kennzahlen
208;Hannover Rück;DE0008402215;Versicherung/Rückversicherung;https://www.ariva.de/aktien/hannover-rueck-aktie/kennzahlen/fundamentale-kennzahlen
209;Talanx;DE000TLX1005;Versicherung;https://www.ariva.de/aktien/talanx-aktie/kennzahlen/fundamentale-kennzahlen
210;Swiss Re;CH0126881561;Versicherung/Rückversicherung;https://www.ariva.de/aktien/swiss-re-aktie/kennzahlen/fundamentale-kennzahlen
211;Zurich Insurance;CH0011075394;Versicherung;https://www.ariva.de/aktien/zurich-insurance-aktie/kennzahlen/fundamentale-kennzahlen
212;AXA;FR0000120628;Versicherung;https://www.ariva.de/aktien/axa-aktie/kennzahlen/fundamentale-kennzahlen
213;Legal & General;GB0005603997;Versicherung;https://www.ariva.de/aktien/legal-general-group-plc-aktie/kennzahlen/fundamentale-kennzahlen
214;Ping An Insurance H;CNE1000003X6;Versicherung;https://www.ariva.de/aktien/ping-an-insurance-aktie/kennzahlen/fundamentale-kennzahlen
215;Veolia Environnement;FR0000124141;Versorger/Entsorgung;https://www.ariva.de/aktien/veolia-environnement-aktie/kennzahlen/fundamentale-kennzahlen
216;Schneider Electric;FR0000121972;Industrie/Energie;https://www.ariva.de/aktien/schneider-electric-aktie/kennzahlen/fundamentale-kennzahlen
217;Air Liquide;FR0000120073;Chemie/Gase;https://www.ariva.de/aktien/air-liquide-aktie/kennzahlen/fundamentale-kennzahlen
218;Thales;FR0000121792;Rüstung/Technologie;https://www.ariva.de/aktien/thales-aktie/kennzahlen/fundamentale-kennzahlen
219;Holcim;CH0012214059;Baustoffe;https://www.ariva.de/aktien/holcim-aktie/kennzahlen/fundamentale-kennzahlen
220;Roche;CH0012032113;Pharma;https://www.ariva.de/aktien/roche-holding-ag-aktie/kennzahlen/fundamentale-kennzahlen
221;Novo Nordisk B;DK0060534915;Pharma;https://www.ariva.de/aktien/novo-nordisk-aktie/kennzahlen/fundamentale-kennzahlen
222;Danaher;US2358511028;Gesundheitswesen/Technologie;https://www.ariva.de/aktien/danaher-aktie/kennzahlen/fundamentale-kennzahlen
223;Medtronic;IE00BTN1Y115;Medizintechnik;https://www.ariva.de/aktien/medtronic-aktie/kennzahlen/fundamentale-kennzahlen
224;Sartorius;DE0007165631;Labortechnologie;https://www.ariva.de/aktien/sartorius-aktie/kennzahlen/fundamentale-kennzahlen
225;BASF;DE000BASF111;Chemie;https://www.ariva.de/aktien/basf-se-aktie/kennzahlen/fundamentale-kennzahlen
226;RWE;DE0007037129;Versorger;https://www.ariva.de/aktien/rwe-aktie/kennzahlen/fundamentale-kennzahlen
227;Continental;DE0005439004;Automobilzulieferer;https://www.ariva.de/aktien/continental-aktie/kennzahlen/fundamentale-kennzahlen
228;Hapag-Lloyd;DE000HLAG475;Schifffahrt;https://www.ariva.de/aktien/hapag-lloyd-aktie/kennzahlen/fundamentale-kennzahlen
229;Danone;FR0000120644;Lebensmittel;https://www.ariva.de/aktien/danone-aktie/kennzahlen/fundamentale-kennzahlen
230;Knorr-Bremse;DE000KBX1006;Automobilzulieferer;https://www.ariva.de/aktien/knorr-bremse-aktie/kennzahlen/fundamentale-kennzahlen
231;Rheinmetall;DE0007030009;Rüstung;https://www.ariva.de/aktien/rheinmetall-aktie/kennzahlen/fundamentale-kennzahlen
232;Lufthansa;DE0008232125;Luftfahrt;https://www.ariva.de/aktien/lufthansa-aktie/kennzahlen/fundamentale-kennzahlen
233;BMW;DE0005190003;Automobil;https://www.ariva.de/aktien/bmw-aktie/kennzahlen/fundamentale-kennzahlen
234;Heidelberg Materials;DE0006047004;Baustoffe;https://www.ariva.de/aktien/heidelberg-materials-aktie/kennzahlen/fundamentale-kennzahlen
235;freenet;DE000A0Z2ZZ5;Telekommunikation;https://www.ariva.de/aktien/freenet-aktie/kennzahlen/fundamentale-kennzahlen
236;Vonovia;DE000A1ML7J1;Immobilien;https://www.ariva.de/aktien/vonovia-aktie/kennzahlen/fundamentale-kennzahlen
237;Bilfinger;DE0005909006;Industrie/Bau;https://www.ariva.de/aktien/bilfinger-aktie/kennzahlen/fundamentale-kennzahlen
238;Brenntag;DE000A1DAHH0;Chemiehandel;https://www.ariva.de/aktien/brenntag-aktie/kennzahlen/fundamentale-kennzahlen
239;Fresenius;DE0005785604;Gesundheitswesen;https://www.ariva.de/aktien/fuchs_se_vz-aktie/kennzahlen/fundamentale-kennzahlen
240;Fresenius Medical Care;DE0005785802;Gesundheitswesen;https://www.ariva.de/aktien/fresenius-medical-care-aktie/kennzahlen/fundamentale-kennzahlen
241;Wolters Kluwer;NL0000395903;Medien/Software;https://www.ariva.de/aktien/wolters-kluwer-aktie/kennzahlen/fundamentale-kennzahlen
242;OMV;AT0000743059;Energie;https://www.ariva.de/aktien/omv-aktie/kennzahlen/fundamentale-kennzahlen
243;Siemens Energy;DE000ENER6Y0;Energie;https://www.ariva.de/aktien/siemens-energy-ag-aktie/kennzahlen/fundamentale-kennzahlen
244;Volkswagen (Vz);DE0007664039;Automobil;https://www.ariva.de/aktien/volkswagen-vz-aktie/kennzahlen/fundamentale-kennzahlen
245;Porsche (Vz);DE000PAH0028;Automobil;https://www.ariva.de/aktien/porsche-automobil-holding-se-aktie/kennzahlen/fundamentale-kennzahlen
246;TotalEnergies;FR0014000MR3;Energie;https://www.ariva.de/aktien/totalenergies-aktie/kennzahlen/fundamentale-kennzahlen
247;Bayer;DE000BAY0017;Pharma/Chemie;https://www.ariva.de/aktien/bayer-aktie/kennzahlen/fundamentale-kennzahlen
248;Merck Gruppe;DE0006599905;Pharma/Chemie;https://www.ariva.de/aktien/merck-kgaa-aktie/kennzahlen/fundamentale-kennzahlen
249;VERBUND;AT0000746409;Versorger;https://www.ariva.de/aktien/verbund-aktie/kennzahlen/fundamentale-kennzahlen
250;Hochtief;DE0006070006;Bau/Infrastruktur;https://www.ariva.de/aktien/hochtief-aktie/kennzahlen/fundamentale-kennzahlen
251;NXP Semiconductors;NL0009538784;Halbleiter;https://www.ariva.de/aktien/nxp-semiconductors-aktie/kennzahlen/fundamentale-kennzahlen
252;British American Tobacco;GB0002875804;Tabak;https://www.ariva.de/aktien/british-american-tobacco-aktie/kennzahlen/fundamentale-kennzahlen
253;A.P. Møller-Mærsk B;DK0010244508;Schifffahrt/Logistik;https://www.ariva.de/aktien/a-p-moeller-maersk-ab-b-aktie/kennzahlen/fundamentale-kennzahlen
254;Sika;CH0418792922;Baustoffe/Chemie;https://www.ariva.de/aktien/sika-aktie/kennzahlen/fundamentale-kennzahlen
255;Alimentation Couche-Tard;CA01626P4033;Einzelhandel;https://www.ariva.de/aktien/alimentation-couche-tard-inc-aktie/kennzahlen/fundamentale-kennzahlen
256;Micron Technology;US5951121038;Halbleiter;https://www.ariva.de/aktien/micron-technology-aktie/kennzahlen/fundamentale-kennzahlen
257;Itochu;JP3143600009;Konglomerat;https://www.ariva.de/aktien/itochu-aktie/kennzahlen/fundamentale-kennzahlen
258;Nintendo;JP3756600007;Unterhaltungselektronik;https://www.ariva.de/aktien/nintendo-aktie/kennzahlen/fundamentale-kennzahlen
259;Sony;JP3435000009;Unterhaltungselektronik;https://www.ariva.de/aktien/sony-aktie/kennzahlen/fundamentale-kennzahlen
260;Daikin Industries;JP3481800005;Industrie/Klimatechnik;https://www.ariva.de/aktien/daikin-industries-aktie/kennzahlen/fundamentale-kennzahlen
261;SoftBank;JP3436100006;Technologie;https://www.ariva.de/aktien/softbank-aktie/kennzahlen/fundamentale-kennzahlen
262;Toyota Motor;JP3633400001;Automobil;https://www.ariva.de/aktien/toyota-motor-aktie/kennzahlen/fundamentale-kennzahlen
263;Mitsubishi;JP3898400001;Konglomerat;https://www.ariva.de/aktien/mitsubishi-aktie/kennzahlen/fundamentale-kennzahlen
264;Panasonic;JP3866800000;Elektronikindustrie;https://www.ariva.de/aktien/panasonic-aktie/kennzahlen/fundamentale-kennzahlen
265;Hitachi;JP3788600009;Industrie/Technologie;https://www.ariva.de/aktien/hitachi-aktie/kennzahlen/fundamentale-kennzahlen
266;Marubeni;JP3877600001;Konglomerat;https://www.ariva.de/aktien/marubeni-aktie/kennzahlen/fundamentale-kennzahlen
267;Mitsui & Co.;JP3893600005;Konglomerat;https://www.ariva.de/aktien/mitsui-co-aktie/kennzahlen/fundamentale-kennzahlen
268;Andritz;AT0000730007;Industrie/Maschinenbau;https://www.ariva.de/aktien/andritz-aktie/kennzahlen/fundamentale-kennzahlen
269;Deere & Co.;US2441991054;Landmaschinen;https://www.ariva.de/aktien/john-deere-company-aktie/kennzahlen/fundamentale-kennzahlen
270;Mondelez International;US6092071058;Lebensmittel;https://www.ariva.de/aktien/mondelez-international-aktie/kennzahlen/fundamentale-kennzahlen
271;Stryker;US8636671013;Medizintechnik;https://www.ariva.de/aktien/stryker-aktie/kennzahlen/fundamentale-kennzahlen
272;W.P. Carey;US92936U1097;Immobilien (REIT);https://www.ariva.de/aktien/wp-carey-aktie/kennzahlen/fundamentale-kennzahlen
273;Innovative Industrial Properties;US45781V1017;Immobilien (REIT);https://www.ariva.de/aktien/innovative-industrial-properties-aktie/kennzahlen/fundamentale-kennzahlen
274;Illinois Tool Works;US4523081093;Industrie;https://www.ariva.de/aktien/illinois-tool-works-aktie/kennzahlen/fundamentale-kennzahlen
275;Alexandria Real Estate;US0152711091;Immobilien/Life Sciences (REIT);https://www.ariva.de/aktien/alexandria-real-estate-aktie/kennzahlen/fundamentale-kennzahlen
276;Booking Holdings;US09857L1089;Reise/Online-Plattform;https://www.ariva.de/aktien/booking-holdings-aktie/kennzahlen/fundamentale-kennzahlen
277;Tyson Foods A;US9024941034;Lebensmittel;https://www.ariva.de/aktien/tyson-foods-aktie/kennzahlen/fundamentale-kennzahlen
278;ENI;IT0003132476;Energie;https://www.ariva.de/aktien/eni-aktie/kennzahlen/fundamentale-kennzahlen
279;ABB;CH0012221716;Industrie/Elektrotechnik;https://www.ariva.de/aktien/abb-aktie/kennzahlen/fundamentale-kennzahlen
280;STMicroelectronics;NL0000226223;Halbleiter;https://www.ariva.de/aktien/stmicroelectronics-aktie/kennzahlen/fundamentale-kennzahlen
281;Altria Group;US02209S1033;Tabak;https://www.ariva.de/aktien/altria-group-inc-aktie/kennzahlen/fundamentale-kennzahlen
282;Volkswagen;DE0007664005;Automobil;https://www.ariva.de/aktien/volkswagen-aktie/kennzahlen/fundamentale-kennzahlen
283;Ecolab;US2788651006;Chemie/Industrie;https://www.ariva.de/aktien/ecolab-aktie/kennzahlen/fundamentale-kennzahlen
284;STAG Industrial;US85254J1025;Industrie-Immobilien (REIT);https://www.ariva.de/aktien/stag-industrial-aktie/kennzahlen/fundamentale-kennzahlen
285;McCormick & Co;US5797802064;Lebensmittel;https://www.ariva.de/aktien/mccormick-co-inc-aktie/kennzahlen/fundamentale-kennzahlen
286;JD.com;KYG8208B1014;E-Commerce;https://www.ariva.de/aktien/jd-com-inc-aktie/kennzahlen/fundamentale-kennzahlen
287;Salesforce;US79466L3024;Technologie;https://www.ariva.de/aktien/salesforce-aktie/kennzahlen/fundamentale-kennzahlen
288;Vestas Wind Systems;DK0061539921;Erneuerbare Energie;https://www.ariva.de/aktien/vestas-wind-systems-aktie/kennzahlen/fundamentale-kennzahlen
289;Ahold Delhaize;NL0011794037;Lebensmitteleinzelhandel;https://www.ariva.de/aktien/ahold-delhaize-aktie/kennzahlen/fundamentale-kennzahlen
290;Sandoz;CH1244734483;Pharma (Generika);https://www.ariva.de/aktien/sandoz-group-ag-aktie/kennzahlen/fundamentale-kennzahlen
291;American Tower;US03027X1000;Telekommunikation (REIT);https://www.ariva.de/aktien/american-tower-aktie/kennzahlen/fundamentale-kennzahlen
292;Davide Campari Milano;NL0015435975;Getränke;https://www.ariva.de/aktien/davide-campari-milano-aktie/kennzahlen/fundamentale-kennzahlen
293;Prysmian;IT0004176001;Kabel/Industrie;https://www.ariva.de/aktien/prysmian-aktie/kennzahlen/fundamentale-kennzahlen
294;Diageo;GB0002374006;Getränke;https://www.ariva.de/aktien/diageo-aktie/kennzahlen/fundamentale-kennzahlen
295;Rolls-Royce;GB00B63H8491;Luft- und Raumfahrt;https://www.ariva.de/aktien/rolls-royce-aktie/kennzahlen/fundamentale-kennzahlen
296;BAE Systems;GB0002634946;Rüstung;https://www.ariva.de/aktien/bae-systems-aktie/kennzahlen/fundamentale-kennzahlen
297;Pernod Ricard;FR0000120693;Getränke;https://www.ariva.de/aktien/pernod-ricard-aktie/kennzahlen/fundamentale-kennzahlen
298;FLEX LNG;BMG359472021;Schifffahrt (LNG);https://www.ariva.de/aktien/flex-lng-aktie/kennzahlen/fundamentale-kennzahlen
299;BW LPG;BMG173841013;Schifffahrt;https://www.ariva.de/aktien/bw-lpg-aktie/kennzahlen/fundamentale-kennzahlen
300;TORM;DK0060083210;Schifffahrt;https://www.ariva.de/aktien/torm-aktie/kennzahlen/fundamentale-kennzahlen
301;Frontline Ltd;BMG3682E1921;Schifffahrt;https://www.ariva.de/aktien/frontline-aktie/kennzahlen/fundamentale-kennzahlen
302;Alibaba;KYG017191142;E-Commerce/Technologie;https://www.ariva.de/aktien/alibaba-group-holding-ltd-aktie/kennzahlen/fundamentale-kennzahlen
303;Geely Automobile;KYG3777B1032;Automobil;https://www.ariva.de/aktien/geely-automobile-aktie/kennzahlen/fundamentale-kennzahlen
304;Orange;FR0000133308;Telekommunikation;https://www.ariva.de/aktien/orange-aktie/kennzahlen/fundamentale-kennzahlen
305;BYD;CNE100000296;Automobil/Elektro;https://www.ariva.de/aktien/byd-co-ltd-aktie/kennzahlen/fundamentale-kennzahlen
306;Krones;DE0006335003;Maschinenbau;https://www.ariva.de/aktien/krones-aktie/kennzahlen/fundamentale-kennzahlen
307;Mensch und Maschine;DE0006580806;Technologie/CAD;https://www.ariva.de/aktien/mensch-und-maschine-aktie/kennzahlen/fundamentale-kennzahlen
308;RENK;DE000RENK730;Rüstung/Maschinenbau;https://www.ariva.de/aktien/renk-group-ag-aktie/kennzahlen/fundamentale-kennzahlen
309;Scout24;DE000A12DM80;Immobilien-Plattform;https://www.ariva.de/aktien/scout24-aktie/kennzahlen/fundamentale-kennzahlen
310;Telefónica;ES0178430E18;Telekommunikation;https://www.ariva.de/aktien/telefonica-aktie/kennzahlen/fundamentale-kennzahlen
311;CD Projekt;PLCDPRT00015;Gaming/Technologie;https://www.ariva.de/aktien/cd-projekt-aktie/kennzahlen/fundamentale-kennzahlen
312;Shimano;JP3358000002;Sportartikel/Industrie;https://www.ariva.de/aktien/shimano-aktie/kennzahlen/fundamentale-kennzahlen
313;Samsung Electronics;KR7005930003;Technologie;https://www.ariva.de/aktien/samsung-electronics-ltd-adr-aktie/kennzahlen/fundamentale-kennzahlen
314;SK Hynix;KR7000660001;Halbleiter;https://www.ariva.de/aktien/sk-hynix-aktie/kennzahlen/fundamentale-kennzahlen
315;Weichai Power;CNE1000003C9;Industrie/Motoren;https://www.ariva.de/aktien/weichai-power-aktie/kennzahlen/fundamentale-kennzahlen
316;CK Hutchison Holdings;KYG217651051;Konglomerat;https://www.ariva.de/aktien/ck-hutchison-holdings-aktie/kennzahlen/fundamentale-kennzahlen
317;National Grid;GB00BDR05C01;Versorger;https://www.ariva.de/aktien/national-grid-aktie/kennzahlen/fundamentale-kennzahlen
318;Vale;BRVALEACNOR0;Bergbau;https://www.ariva.de/aktien/vale-aktie/kennzahlen/fundamentale-kennzahlen
319;CATL;CNE000000GF5;Energiespeicher/Batterien;https://www.ariva.de/aktien/contemporary-amperex-technology-co-ltd-a-aktie
320;China Mobile;HK0941009539;Telekommunikation;https://www.ariva.de/aktien/china-mobile-aktie/kennzahlen/fundamentale-kennzahlen
321;Glencore;JE00B4T3BW64;Bergbau/Rohstoffe;https://www.ariva.de/aktien/glencore-plc-aktie/kennzahlen/fundamentale-kennzahlen
322;Anglo American;GB00B1XZS820;Bergbau;https://www.ariva.de/aktien/anglo-american-aktie/kennzahlen/fundamentale-kennzahlen
323;Sibanye Stillwater;ZAE000259701;Bergbau (Platin/Gold);https://www.ariva.de/aktien/sibanye-stillwater-aktie/kennzahlen/fundamentale-kennzahlen
324;Nutrien;CA67077M1086;Düngemittel;https://www.ariva.de/aktien/nutrien-aktie/kennzahlen/fundamentale-kennzahlen
325;Wheaton Precious Metals;CA9628791027;Bergbau (Edelmetalle);https://www.ariva.de/aktien/wheaton-precious-metals-aktie/kennzahlen/fundamentale-kennzahlen
326;Jardine Matheson;SG1F51812073;Konglomerat;https://www.ariva.de/aktien/jardine-matheson-aktie/kennzahlen/fundamentale-kennzahlen
327;Kinross Gold;CA4969024047;Bergbau (Gold);https://www.ariva.de/aktien/kinross-gold-aktie/kennzahlen/fundamentale-kennzahlen
328;TransAlta;CA8931011069;Versorger;https://www.ariva.de/aktien/transalta-aktie/kennzahlen/fundamentale-kennzahlen
329;BB Biotech;CH0038389992;Biotechnologie;https://www.ariva.de/aktien/bb-biotech-aktie/kennzahlen/fundamentale-kennzahlen
330;Leonardo;IT0003856405;Rüstung/Luft- und Raumfahrt;https://www.ariva.de/aktien/leonardo-aktie/kennzahlen/fundamentale-kennzahlen
331;Evonik Industries;DE000EVNK013;Chemie;https://www.ariva.de/aktien/evonik-industries-aktie/kennzahlen/fundamentale-kennzahlen
332;Hamborner REIT;DE0006013006;Immobilien (REIT);https://www.ariva.de/aktien/hamborner-reit-aktie/kennzahlen/fundamentale-kennzahlen
333;Lenovo Group;HK0992009065;Technologie;https://www.ariva.de/aktien/lenovo-group-aktie/kennzahlen/fundamentale-kennzahlen
334;Haier Smart Home D;CNE100003822;Konsumgüter (Haushaltsgeräte);https://www.ariva.de/aktien/haier-smart-home-company-ltd-aktie/kennzahlen/fundamentale-kennzahlen
335;Tencent;KYG875721634;Technologie;https://www.ariva.de/aktien/tencent-holdings-ltd-aktie/kennzahlen/fundamentale-kennzahlen
336;Valterra Platinum;ZAE000243429;Bergbau (Platin);https://www.ariva.de/aktien/northam-platinum-holdings-ltd-aktie/kennzahlen/fundamentale-kennzahlen
337;Reliance Industries;INE002A01018;Konglomerat;https://www.ariva.de/aktien/reliance-industries-ltd-aktie/kennzahlen/fundamentale-kennzahlen
338;Borussia Dortmund;DE0005493092;Sport/Unterhaltung;https://www.ariva.de/aktien/borussia-dortmund-aktie/kennzahlen/fundamentale-kennzahlen
339;UGI Corp;US9027881088;Energie/Versorger;https://www.ariva.de/aktien/ugi-corp-aktie/kennzahlen/fundamentale-kennzahlen
340;Extra Space Storage;US30225T1025;Lagerimmobilien (REIT);https://www.ariva.de/aktien/extra-space-storage-aktie/kennzahlen/fundamentale-kennzahlen
341;Leggett & Platt;US5239061030;Industrie/Konsumgüter;https://www.ariva.de/aktien/leggett-platt-aktie/kennzahlen/fundamentale-kennzahlen
342;SL Green Realty;US78440X8857;Immobilien (REIT);https://www.ariva.de/aktien/sl-green-realty-aktie/kennzahlen/fundamentale-kennzahlen
343;Northland Power;CA6663121082;Erneuerbare Energie;https://www.ariva.de/aktien/northland-power-aktie/kennzahlen/fundamentale-kennzahlen
344;LTC Properties;US5021751020;Gesundheitsimmobilien (REIT);https://www.ariva.de/aktien/ltc-properties-aktie/kennzahlen/fundamentale-kennzahlen
345;RTL Group;LU0061462528;Medien;https://www.ariva.de/aktien/rtl-group-aktie/kennzahlen/fundamentale-kennzahlen
346;Rational AG;DE0007010803;Industrie/Küchengeräte;https://www.ariva.de/aktien/rational-ag-aktie/kennzahlen/fundamentale-kennzahlen
347;Fraport;DE0005773303;Infrastruktur/Flughäfen;https://www.ariva.de/aktien/fraport-aktie/kennzahlen/fundamentale-kennzahlen
348;Infosys;INE009A01021;IT-Dienstleistungen;https://www.ariva.de/aktien/infosys-ltd-adr-aktie/kennzahlen/fundamentale-kennzahlen
349;Yara International;NO0010208051;Düngemittel/Chemie;https://www.ariva.de/aktien/yara-international-aktie/kennzahlen/fundamentale-kennzahlen
350;Emerson Electric;US2910111044;Industrie/Technologie;https://www.ariva.de/aktien/emerson-electric-aktie/kennzahlen/fundamentale-kennzahlen
351;Eaton Corporation;IE00B8KQN827;Industrie/Energie;https://www.ariva.de/aktien/eaton-corp-aktie/kennzahlen/fundamentale-kennzahlen
352;Cummins;US2310211063;Industrie/Motoren;https://www.ariva.de/aktien/cummins-aktie/kennzahlen/fundamentale-kennzahlen
353;Rockwell Automation;US7739031091;Industrie/Automatisierung;https://www.ariva.de/aktien/rockwell-automation-aktie/kennzahlen/fundamentale-kennzahlen
354;Wabtec Corp;US9297401088;Industrie/Bahn;https://www.ariva.de/aktien/wabtec-corp-aktie/kennzahlen/fundamentale-kennzahlen
355;Otis Worldwide;US68902V1070;Industrie/Aufzüge;https://www.ariva.de/aktien/otis-worldwide-aktie/kennzahlen/fundamentale-kennzahlen
356;IDEX;US45167R1041;Industrie/Pumpen;https://www.ariva.de/aktien/idex-aktie/kennzahlen/fundamentale-kennzahlen
357;Ingersoll Rand;IE00BK9ZQ967;Industrie/Kompressoren;https://www.ariva.de/aktien/ingersoll-rand-aktie/kennzahlen/fundamentale-kennzahlen
358;Howmet Aerospace;US4432011082;Luft- und Raumfahrt;https://www.ariva.de/aktien/howmet-aerospace-aktie/kennzahlen/fundamentale-kennzahlen
359;Textron;US8832031012;Industrie/Konglomerat;https://www.ariva.de/aktien/textron-aktie/kennzahlen/fundamentale-kennzahlen
360;Hubbell;US4435106049;Industrie/Elektrotechnik;https://www.ariva.de/aktien/hubbell-aktie/kennzahlen/fundamentale-kennzahlen
361;AMETEK;US0311001004;Industrie/Messtechnik;https://www.ariva.de/aktien/ametek-aktie/kennzahlen/fundamentale-kennzahlen
362;Dover;US2600031080;Industrie/Diversifiziert;https://www.ariva.de/aktien/dover-aktie/kennzahlen/fundamentale-kennzahlen
363;Fortive;US34959J1088;Industrie/Technologie;https://www.ariva.de/aktien/fortive-aktie/kennzahlen/fundamentale-kennzahlen
364;Nordson;US6556641008;Industrie/Dispersionstechnik;https://www.ariva.de/aktien/nordson-aktie/kennzahlen/fundamentale-kennzahlen
365;Allegion;IE00BFRT3W74;Industrie/Sicherheit;https://www.ariva.de/aktien/allegion-aktie/kennzahlen/fundamentale-kennzahlen
366;Masco;US5745991068;Industrie/Bau;https://www.ariva.de/aktien/masco-aktie/kennzahlen/fundamentale-kennzahlen
367;Jacobs Solutions;US46990U1097;Ingenieurdienstleistungen;https://www.ariva.de/aktien/jacobs-solutions-aktie/kennzahlen/fundamentale-kennzahlen
368;TE Connectivity;CH0102993182;Elektronik/Konnektivität;https://www.ariva.de/aktien/te-connectivity-aktie/kennzahlen/fundamentale-kennzahlen
369;Amphenol;US0320951017;Elektronik/Konnektivität;https://www.ariva.de/aktien/amphenol-aktie/kennzahlen/fundamentale-kennzahlen
370;Leidos;US5253271028;IT/Rüstung;https://www.ariva.de/aktien/leidos-holdings-inc-aktie/kennzahlen/fundamentale-kennzahlen
371;Quanta Services;US74762E1020;Industrie/Elektrotechnik;https://www.ariva.de/aktien/quanta-services-aktie/kennzahlen/fundamentale-kennzahlen
372;EMCOR Group;US2909221091;Industrie/Bau;https://www.ariva.de/aktien/emcor-group-aktie/kennzahlen/fundamentale-kennzahlen
373;Trane Technologies;IE00BK9ZQ967;Industrie/Klima;https://www.ariva.de/aktien/trane-technologies-plc-aktie/kennzahlen/fundamentale-kennzahlen
374;Pentair;IE00BLS09M33;Industrie/Wasser;https://www.ariva.de/aktien/pentair-aktie/kennzahlen/fundamentale-kennzahlen
375;A.O. Smith;US8318652091;Industrie/Wassererhitzer;https://www.ariva.de/aktien/a-o-smith-corp-aktie/kennzahlen/fundamentale-kennzahlen
376;Roper Technologies;US7763801090;Industrie/Software;https://www.ariva.de/aktien/roper-technologies-inc-aktie/kennzahlen/fundamentale-kennzahlen
377;Huntington Ingalls;US4468861056;Rüstung/Schiffbau;https://www.ariva.de/aktien/huntington-ingalls-aktie/kennzahlen/fundamentale-kennzahlen
378;Halliburton;US4069071029;Energie/Ölservices;https://www.ariva.de/aktien/halliburton-aktie/kennzahlen/fundamentale-kennzahlen
379;Baker Hughes;US05722G1004;Energie/Ölservices;https://www.ariva.de/aktien/baker-hughes-aktie/kennzahlen/fundamentale-kennzahlen
380;Schlumberger;AN8068571086;Energie/Ölservices;https://www.ariva.de/aktien/schlumberger-aktie/kennzahlen/fundamentale-kennzahlen
381;Phillips 66;US7185461040;Energie/Raffinerie;https://www.ariva.de/aktien/phillips-66-aktie/kennzahlen/fundamentale-kennzahlen
382;Valero Energy;US91913Y1001;Energie/Raffinerie;https://www.ariva.de/aktien/valero-energy-aktie/kennzahlen/fundamentale-kennzahlen
383;Marathon Petroleum;US56585A1025;Energie/Raffinerie;https://www.ariva.de/aktien/marathon-petroleum-aktie/kennzahlen/fundamentale-kennzahlen
384;EQT Corp;US26884L1098;Energie/Erdgas;https://www.ariva.de/aktien/eqt-corp-aktie/kennzahlen/fundamentale-kennzahlen
385;Coterra Energy;US1270971039;Energie/Öl & Gas;https://www.ariva.de/aktien/coterra-energy-inc-aktie/kennzahlen/fundamentale-kennzahlen
386;Diamondback Energy;US25278X1090;Energie/Öl & Gas;https://www.ariva.de/aktien/diamondback-energy-aktie/kennzahlen/fundamentale-kennzahlen
387;Expand Energy;US1527281035;Energie/Erdgas;https://www.ariva.de/aktien/expand-energy-aktie/kennzahlen/fundamentale-kennzahlen
388;APA Corp;US03232B1098;Energie/Öl & Gas;https://www.ariva.de/aktien/apa-corp-aktie/kennzahlen/fundamentale-kennzahlen
389;NRG Energy;US6293775085;Energie/Versorger;https://www.ariva.de/aktien/nrg-energy-aktie/kennzahlen/fundamentale-kennzahlen
390;Vistra;US92840M1027;Energie/Versorger;https://www.ariva.de/aktien/vistra-corp-aktie/kennzahlen/fundamentale-kennzahlen
391;Williams Companies;US9694571004;Energie/Pipelines;https://www.ariva.de/aktien/williams-companies-inc-aktie/kennzahlen/fundamentale-kennzahlen
392;Targa Resources;US87612G1013;Energie/Pipelines;https://www.ariva.de/aktien/targa-resources-aktie/kennzahlen/fundamentale-kennzahlen
393;Duke Energy;US26441C2044;Versorger;https://www.ariva.de/aktien/duke-energy-aktie/kennzahlen/fundamentale-kennzahlen
394;Southern;US8425871071;Versorger;https://www.ariva.de/aktien/southern-co-aktie/kennzahlen/fundamentale-kennzahlen
395;Dominion Energy;US25746U1097;Versorger;https://www.ariva.de/aktien/dominion-energy-aktie/kennzahlen/fundamentale-kennzahlen
396;American Electric Power;US0255371081;Versorger;https://www.ariva.de/aktien/american-electric-power-aktie/kennzahlen/fundamentale-kennzahlen
397;Exelon;US30161N1019;Versorger;https://www.ariva.de/aktien/exelon-aktie/kennzahlen/fundamentale-kennzahlen
398;Entergy;US29364G1031;Versorger;https://www.ariva.de/aktien/entergy-aktie/kennzahlen/fundamentale-kennzahlen
399;Xcel Energy;US9837952009;Versorger;https://www.ariva.de/aktien/xcel-energy-aktie/kennzahlen/fundamentale-kennzahlen
400;Evergy;US30034W1062;Versorger;https://www.ariva.de/aktien/evergy-aktie/kennzahlen/fundamentale-kennzahlen
401;WEC Energy;US9293775038;Versorger;https://www.ariva.de/aktien/wec-energy-group-inc-aktie/kennzahlen/fundamentale-kennzahlen
402;CMS Energy;US1258961002;Versorger;https://www.ariva.de/aktien/cms-energy-aktie/kennzahlen/fundamentale-kennzahlen
403;Eversource Energy;US30040W1080;Versorger;https://www.ariva.de/aktien/eversource-energy-aktie/kennzahlen/fundamentale-kennzahlen
404;AES Corp;US0081129011;Versorger;https://www.ariva.de/aktien/aes-corp-aktie/kennzahlen/fundamentale-kennzahlen
405;Pinnacle West Capital;US7234841010;Versorger;https://www.ariva.de/aktien/pinnacle-west-capital-aktie/kennzahlen/fundamentale-kennzahlen
406;Edison International;US2810954683;Versorger;https://www.ariva.de/aktien/edison-international-aktie/kennzahlen/fundamentale-kennzahlen
407;Firstenergy;US3374081051;Versorger;https://www.ariva.de/aktien/firstenergy-aktie/kennzahlen/fundamentale-kennzahlen
408;NiSource;US65473P1057;Versorger;https://www.ariva.de/aktien/nisource-aktie/kennzahlen/fundamentale-kennzahlen
409;Alliant Energy;US0188021085;Versorger;https://www.ariva.de/aktien/alliant-energy-aktie/kennzahlen/fundamentale-kennzahlen
410;Atmos Energy;US0495601058;Versorger/Gas;https://www.ariva.de/aktien/atmos-energy-aktie/kennzahlen/fundamentale-kennzahlen
411;Ameren Corp;US0236081024;Versorger;https://www.ariva.de/aktien/ameren-aktie/kennzahlen/fundamentale-kennzahlen
412;PPL;US6495435109;Versorger;https://www.ariva.de/aktien/ppl-aktie/kennzahlen/fundamentale-kennzahlen
413;Public Service Enterprise;US7445731067;Versorger;https://www.ariva.de/aktien/public-service-enterprise-aktie/kennzahlen/fundamentale-kennzahlen
414;CenterPoint Energy;US15189T1079;Versorger/Gas;https://www.ariva.de/aktien/centerpoint-energy-inc-aktie/kennzahlen/fundamentale-kennzahlen
415;DTE Energy;US2333311072;Versorger;https://www.ariva.de/aktien/dte-energy-company-aktie/kennzahlen/fundamentale-kennzahlen
416;PG&E;US69331C1080;Versorger;https://www.ariva.de/aktien/pg-e-corp-aktie/kennzahlen/fundamentale-kennzahlen
417;Consolidated Edison;US2091151041;Versorger;https://www.ariva.de/aktien/consolidated-edison-aktie/kennzahlen/fundamentale-kennzahlen
418;Becton Dickinson;US0758961009;Medizintechnik;https://www.ariva.de/aktien/becton-dickinson-and-co-aktie/kennzahlen/fundamentale-kennzahlen
419;Zimmer Biomet;US98956P1021;Medizintechnik;https://www.ariva.de/aktien/zimmer-biomet-holdings-inc-aktie/kennzahlen/fundamentale-kennzahlen
420;Steris;IE00BFT00B44;Medizintechnik;https://www.ariva.de/aktien/steris-aktie/kennzahlen/fundamentale-kennzahlen
421;ResMed;US7611521078;Medizintechnik;https://www.ariva.de/aktien/resmed-aktie/kennzahlen/fundamentale-kennzahlen
422;West Pharmaceutical;US9553061055;Medizintechnik;https://www.ariva.de/aktien/west-pharmaceutical-services-inc-aktie/kennzahlen/fundamentale-kennzahlen
423;HCA Holdings;US40412C1018;Gesundheitsversorgung;https://www.ariva.de/aktien/hca-holdings-aktie/kennzahlen/fundamentale-kennzahlen
424;Universal Health Services;US9139031002;Gesundheitsversorgung;https://www.ariva.de/aktien/universal-health-services-aktie/kennzahlen/fundamentale-kennzahlen
425;Humana;US4448061029;Gesundheitsversorgung;https://www.ariva.de/aktien/humana-aktie/kennzahlen/fundamentale-kennzahlen
426;Elevance Health;US03621L3160;Gesundheitsversorgung;https://www.ariva.de/aktien/elevance-health-aktie/kennzahlen/fundamentale-kennzahlen
427;McKesson;US58155Q1030;Gesundheitsversorgung;https://www.ariva.de/aktien/mckesson-aktie/kennzahlen/fundamentale-kennzahlen
428;Cencora;US03073E1055;Gesundheitsversorgung;https://www.ariva.de/aktien/cencora-inc-aktie/kennzahlen/fundamentale-kennzahlen
429;Quest Diagnostics;US74834L1008;Gesundheitsversorgung;https://www.ariva.de/aktien/quest-diagnostics-aktie/kennzahlen/fundamentale-kennzahlen
430;Agilent Technologies;US00846U1016;Labortechnologie;https://www.ariva.de/aktien/agilent-technologies-inc-aktie/kennzahlen/fundamentale-kennzahlen
431;Baxter International;US0718131099;Medizintechnik;https://www.ariva.de/aktien/baxter-international-aktie/kennzahlen/fundamentale-kennzahlen
432;Bio-Techne;US09073M1045;Biotechnologie;https://www.ariva.de/aktien/bio-techne-aktie/kennzahlen/fundamentale-kennzahlen
433;Veralto;US92338C1036;Wasseranalytik/Umwelt;https://www.ariva.de/aktien/veralto-aktie/kennzahlen/fundamentale-kennzahlen
434;Haleon;GB00BMX86B70;Konsumgüter/Gesundheit;https://www.ariva.de/aktien/haleon-aktie/kennzahlen/fundamentale-kennzahlen
435;Kenvue;US49177J1025;Konsumgüter/Gesundheit;https://www.ariva.de/aktien/kenvue-aktie/kennzahlen/fundamentale-kennzahlen
436;Alcon;CH0432492467;Augenheilkunde;https://www.ariva.de/aktien/alcon-aktie/kennzahlen/fundamentale-kennzahlen
437;PerkinElmer;US7140461093;Labortechnologie;https://www.ariva.de/aktien/perkinelmer-aktie/kennzahlen/fundamentale-kennzahlen
438;Motorola Solutions;US6200763075;Technologie/Kommunikation;https://www.ariva.de/aktien/motorola-solutions-aktie/kennzahlen/fundamentale-kennzahlen
439;Verisign;US92343E1029;Technologie/Internet;https://www.ariva.de/aktien/verisign-aktie/kennzahlen/fundamentale-kennzahlen
440;Seagate Technology;IE00BKVD2N49;Technologie (Datenspeicher);https://www.ariva.de/aktien/seagate-technology-holdings-aktie/kennzahlen/fundamentale-kennzahlen
441;Analog Devices;US0326541051;Halbleiter;https://www.ariva.de/aktien/analog-devices-aktie/kennzahlen/fundamentale-kennzahlen
442;Microchip Technology;US5932621014;Halbleiter;https://www.ariva.de/aktien/microchip-technology-aktie/kennzahlen/fundamentale-kennzahlen
443;NetApp;US64110D1046;Technologie/Datenspeicher;https://www.ariva.de/aktien/netapp-aktie/kennzahlen/fundamentale-kennzahlen
444;Corning;US2193501051;Technologie/Glasfaser;https://www.ariva.de/aktien/corning-aktie/kennzahlen/fundamentale-kennzahlen
445;Jabil;US4663131039;Elektronikfertigung;https://www.ariva.de/aktien/jabil-aktie/kennzahlen/fundamentale-kennzahlen
446;CDW;US12514G1085;IT-Distribution;https://www.ariva.de/aktien/cdw-aktie/kennzahlen/fundamentale-kennzahlen
447;Gen Digital;US37282B1008;Cybersicherheit;https://www.ariva.de/aktien/gen-digital-aktie/kennzahlen/fundamentale-kennzahlen
448;Paycom Software;US70432V1026;HR-Software;https://www.ariva.de/aktien/paycom-software-aktie/kennzahlen/fundamentale-kennzahlen
449;FactSet Research;US3030751073;Finanzdaten/Software;https://www.ariva.de/aktien/factset-research-systems-inc-aktie/kennzahlen/fundamentale-kennzahlen
450;Verisk Analytics;US92345Y1064;Datenanalyse;https://www.ariva.de/aktien/verisk-analytics-aktie/kennzahlen/fundamentale-kennzahlen
451;Broadridge Financial;US1117171013;Finanztechnologie;https://www.ariva.de/aktien/broadridge-financial-solutions-inc-aktie/kennzahlen/fundamentale-kennzahlen
452;Nemetschek;DE0006452907;Technologie/Software;https://www.ariva.de/aktien/nemetschek-aktie/kennzahlen/fundamentale-kennzahlen
453;JENOPTIK;DE000A2NB601;Technologie/Optik;https://www.ariva.de/aktien/jenoptik-aktie/kennzahlen/fundamentale-kennzahlen
454;NAGARRO;DE000A3H2200;IT-Dienstleistungen;https://www.ariva.de/aktien/nagarro-se-aktie/kennzahlen/fundamentale-kennzahlen
455;Bechtle;DE0005158703;IT-Dienstleistungen;https://www.ariva.de/aktien/bechtle-aktie/kennzahlen/fundamentale-kennzahlen
456;GFT Technologies;DE0005800301;IT-Dienstleistungen;https://www.ariva.de/aktien/gft-technologies-se-aktie/kennzahlen/fundamentale-kennzahlen
457;CANCOM;DE0007416521;IT-Dienstleistungen;https://www.ariva.de/aktien/cancom-aktie/kennzahlen/fundamentale-kennzahlen
458;Kontron;AT0000A1PQQ1;Technologie/Embedded;https://www.ariva.de/aktien/kontron-aktie/kennzahlen/fundamentale-kennzahlen
459;adesso;DE000A0Z23Q5;IT-Dienstleistungen;https://www.ariva.de/aktien/adesso-aktie/kennzahlen/fundamentale-kennzahlen
460;Eckert & Ziegler;DE0005659700;Medizintechnik/Nuklear;https://www.ariva.de/aktien/eckert-ziegler-aktie/kennzahlen/fundamentale-kennzahlen
461;SÜSS MicroTec;DE000A1K0235;Halbleiter/Ausrüstung;https://www.ariva.de/aktien/suess-microtec-aktie/kennzahlen/fundamentale-kennzahlen
462;Elmos Semiconductor;DE0005677108;Halbleiter;https://www.ariva.de/aktien/elmos-semiconductor-aktie/kennzahlen/fundamentale-kennzahlen
463;Secunet Security;DE0007276503;Cybersicherheit;https://www.ariva.de/aktien/secunet-security-networks-ag-aktie/kennzahlen/fundamentale-kennzahlen
464;SILTRONIC;DE000WAF3001;Halbleiter/Silizium;https://www.ariva.de/aktien/siltronic-aktie/kennzahlen/fundamentale-kennzahlen
465;TJX Companies;US8725401090;Einzelhandel;https://www.ariva.de/aktien/tjx-companies-inc-aktie/kennzahlen/fundamentale-kennzahlen
466;Ross Stores;US7782961038;Einzelhandel;https://www.ariva.de/aktien/ross-stores-aktie/kennzahlen/fundamentale-kennzahlen
467;Best Buy;US0865161014;Elektronikeinzelhandel;https://www.ariva.de/aktien/best-buy-aktie/kennzahlen/fundamentale-kennzahlen
468;Ralph Lauren;US7512121010;Luxusgüter/Mode;https://www.ariva.de/aktien/ralph-lauren-aktie/kennzahlen/fundamentale-kennzahlen
469;Tapestry;US8760301072;Luxusgüter/Mode;https://www.ariva.de/aktien/tapestry-aktie/kennzahlen/fundamentale-kennzahlen
470;Conagra Brands;US2058871029;Lebensmittel;https://www.ariva.de/aktien/conagra-brands-aktie/kennzahlen/fundamentale-kennzahlen
471;Campbell Soup;US1344291091;Lebensmittel;https://www.ariva.de/aktien/campbell-soup-aktie/kennzahlen/fundamentale-kennzahlen
472;Molson Coors;US60871R2094;Getränke;https://www.ariva.de/aktien/molson-coors-beverage-co-aktie/kennzahlen/fundamentale-kennzahlen
473;Brown-Forman;US1156372096;Getränke/Spirituosen;https://www.ariva.de/aktien/brown-forman-corp-aktie/kennzahlen/fundamentale-kennzahlen
474;Sysco;US8718291078;Lebensmittelgroßhandel;https://www.ariva.de/aktien/sysco-aktie/kennzahlen/fundamentale-kennzahlen
475;Lamb Weston;US5132721045;Lebensmittel;https://www.ariva.de/aktien/lamb-weston-holdings-inc-aktie/kennzahlen/fundamentale-kennzahlen
476;Darden Restaurants;US2371941053;Gastronomie;https://www.ariva.de/aktien/darden-restaurants-aktie/kennzahlen/fundamentale-kennzahlen
477;Williams-Sonoma;US9699041011;Einzelhandel/Einrichtung;https://www.ariva.de/aktien/williams-sonoma-aktie/kennzahlen/fundamentale-kennzahlen
478;FRoSTA;DE0006201102;Lebensmittel;https://www.ariva.de/aktien/frosta-aktie/kennzahlen/fundamentale-kennzahlen
479;Südzucker;DE0007297004;Lebensmittel/Zucker;https://www.ariva.de/aktien/suedzucker-ag-aktie/kennzahlen/fundamentale-kennzahlen
480;KWS Saat;DE0007074007;Agrar/Saatgut;https://www.ariva.de/aktien/kws-saat-aktie/kennzahlen/fundamentale-kennzahlen
481;Norfolk Southern;US6558441084;Eisenbahn;https://www.ariva.de/aktien/norfolk-southern-aktie/kennzahlen/fundamentale-kennzahlen
482;CSX;US1264081035;Eisenbahn;https://www.ariva.de/aktien/csx-aktie/kennzahlen/fundamentale-kennzahlen
483;J.B. Hunt Transport;US4456581077;Logistik;https://www.ariva.de/aktien/jb-hunt-aktie/kennzahlen/fundamentale-kennzahlen
484;Southwest Airlines;US8447411088;Luftfahrt;https://www.ariva.de/aktien/southwest-airlines-aktie/kennzahlen/fundamentale-kennzahlen
485;Carnival;GB0031215220;Kreuzfahrt/Touristik;https://www.ariva.de/aktien/carnival-aktie/kennzahlen/fundamentale-kennzahlen
486;Paccar;US6937181088;Nutzfahrzeuge;https://www.ariva.de/aktien/paccar-aktie/kennzahlen/fundamentale-kennzahlen
487;United Rentals;US9113631090;Industrievermietung;https://www.ariva.de/aktien/united-rentals-aktie/kennzahlen/fundamentale-kennzahlen
488;Traton;DE000TRAT0N7;Nutzfahrzeuge;https://www.ariva.de/aktien/traton-aktie/kennzahlen/fundamentale-kennzahlen
489;Las Vegas Sands;US5178341070;Gaming/Touristik;https://www.ariva.de/aktien/las-vegas-sands-aktie/kennzahlen/fundamentale-kennzahlen
490;Wynn Resorts;US9831341071;Gaming/Touristik;https://www.ariva.de/aktien/wynn-resorts-aktie/kennzahlen/fundamentale-kennzahlen
491;Marriott International;US5719032022;Hotels;https://www.ariva.de/aktien/marriott-international-aktie/kennzahlen/fundamentale-kennzahlen
492;Hilton Worldwide;US43300A2033;Hotels;https://www.ariva.de/aktien/hilton-world-holdings-inc-aktie/kennzahlen/fundamentale-kennzahlen
493;Expedia;US30212P3038;Reise/Online-Plattform;https://www.ariva.de/aktien/expedia-aktie/kennzahlen/fundamentale-kennzahlen
494;Avery Dennison;US0536111090;Etiketten/Verpackung;https://www.ariva.de/aktien/avery-dennison-aktie/kennzahlen/fundamentale-kennzahlen
495;Ball Corp;US0584981064;Verpackung;https://www.ariva.de/aktien/ball-corp-aktie/kennzahlen/fundamentale-kennzahlen
496;Packaging Corp of America;US6951561090;Verpackung;https://www.ariva.de/aktien/packaging-corp-of-america-aktie/kennzahlen/fundamentale-kennzahlen
497;Smurfit WestRock;IE0000000000;Verpackung;https://www.ariva.de/aktien/smurfit-westrock-aktie/kennzahlen/fundamentale-kennzahlen
498;International Paper;US4601461035;Papier/Verpackung;https://www.ariva.de/aktien/international-paper-aktie/kennzahlen/fundamentale-kennzahlen
499;Vulcan Materials;US9291601097;Baustoffe/Aggregat;https://www.ariva.de/aktien/vulcan-materials-co-aktie/kennzahlen/fundamentale-kennzahlen
500;Martin Marietta Materials;US5732841060;Baustoffe/Aggregat;https://www.ariva.de/aktien/martin-marietta-materials-aktie/kennzahlen/fundamentale-kennzahlen
501;PPG Industries;US6935061076;Farben/Lacke;https://www.ariva.de/aktien/ppg-industries-aktie/kennzahlen/fundamentale-kennzahlen
502;Mosaic;US6153691059;Düngemittel;https://www.ariva.de/aktien/mosaic-aktie/kennzahlen/fundamentale-kennzahlen
503;CF Industries;US1252691001;Düngemittel/Chemie;https://www.ariva.de/aktien/cf-industries-holdings-inc-aktie/kennzahlen/fundamentale-kennzahlen
504;Corteva;US22052L1044;Agrarchemie;https://www.ariva.de/aktien/corteva-aktie/kennzahlen/fundamentale-kennzahlen
505;DuPont de Nemours;US26614N1028;Chemie/Materialien;https://www.ariva.de/aktien/dupont-de-nemours-aktie/kennzahlen/fundamentale-kennzahlen
506;Bunge;BMG169621056;Agrar/Lebensmittel;https://www.ariva.de/aktien/bunge-aktie/kennzahlen/fundamentale-kennzahlen
507;Intl Flavors & Fragrances;US4595061015;Chemie/Duftstoffe;https://www.ariva.de/aktien/international-flavors-fragrances-inc-aktie/kennzahlen/fundamentale-kennzahlen
508;Steel Dynamics;US8581191009;Stahl/Metall;https://www.ariva.de/aktien/steel-dynamics-inc-aktie/kennzahlen/fundamentale-kennzahlen
509;Nucor;US6703461052;Stahl/Metall;https://www.ariva.de/aktien/nucor-aktie/kennzahlen/fundamentale-kennzahlen
510;LKQ Corp;US5018892084;Automobilteile;https://www.ariva.de/aktien/lkq-corp-aktie/kennzahlen/fundamentale-kennzahlen
511;AlzChem;DE000A2YN777;Chemie;https://www.ariva.de/aktien/alzchem-aktie/kennzahlen/fundamentale-kennzahlen
512;Wacker Chemie;DE000WCH8881;Chemie/Silizium;https://www.ariva.de/aktien/wacker-chemie-aktie/kennzahlen/fundamentale-kennzahlen
513;Lanxess;DE0005470405;Chemie;https://www.ariva.de/aktien/lanxess-ag-aktie/kennzahlen/fundamentale-kennzahlen
514;Welltower;US95040Q1040;Gesundheitsimmobilien (REIT);https://www.ariva.de/aktien/welltower-aktie/kennzahlen/fundamentale-kennzahlen
515;Ventas;US92276F1003;Gesundheitsimmobilien (REIT);https://www.ariva.de/aktien/ventas-aktie/kennzahlen/fundamentale-kennzahlen
516;Essex Property Trust;US2971781057;Wohnimmobilien (REIT);https://www.ariva.de/aktien/essex-property-trust-aktie/kennzahlen/fundamentale-kennzahlen
517;Equity Residential;US29476L1070;Wohnimmobilien (REIT);https://www.ariva.de/aktien/equity-residential-aktie/kennzahlen/fundamentale-kennzahlen
518;AvalonBay Communities;US0534841012;Wohnimmobilien (REIT);https://www.ariva.de/aktien/avalonbay-communities-aktie/kennzahlen/fundamentale-kennzahlen
519;Mid-America Apartment;US59522J1034;Wohnimmobilien (REIT);https://www.ariva.de/aktien/mid-american-apartment-communities-inc-aktie/kennzahlen/fundamentale-kennzahlen
520;UDR;US9026531049;Wohnimmobilien (REIT);https://www.ariva.de/aktien/udr-aktie/kennzahlen/fundamentale-kennzahlen
521;Camden Property Trust;US1331311027;Wohnimmobilien (REIT);https://www.ariva.de/aktien/camden-property-trust-aktie/kennzahlen/fundamentale-kennzahlen
522;Kimco Realty;US4943681035;Einzelhandelsimmobilien (REIT);https://www.ariva.de/aktien/kimco-realty-aktie/kennzahlen/fundamentale-kennzahlen
523;Regency Centers;US7588491032;Einzelhandelsimmobilien (REIT);https://www.ariva.de/aktien/regency-centers-aktie/kennzahlen/fundamentale-kennzahlen
524;Federal Realty;US3137451015;Einzelhandelsimmobilien (REIT);https://www.ariva.de/aktien/federal-realty-investment-trust-aktie/kennzahlen/fundamentale-kennzahlen
525;Host Hotels & Resorts;US44107P1049;Hotelimmobilien (REIT);https://www.ariva.de/aktien/host-hotels-resorts-aktie/kennzahlen/fundamentale-kennzahlen
526;BXP;US1011211018;Büroimmobilien (REIT);https://www.ariva.de/aktien/boston-properties-inc-aktie/kennzahlen/fundamentale-kennzahlen
527;Invitation Homes;US46187W1071;Einfamilienhäuser (REIT);https://www.ariva.de/aktien/invitation-homes-aktie/kennzahlen/fundamentale-kennzahlen
528;Medical Properties Trust;US58463J3041;Gesundheitsimmobilien (REIT);https://www.ariva.de/aktien/medical-properties-trust-aktie/kennzahlen/fundamentale-kennzahlen
529;SBA Communications;US78454L1008;Telekommunikation (REIT);https://www.ariva.de/aktien/sba-communications-aktie/kennzahlen/fundamentale-kennzahlen
530;Healthpeak Properties;US42250P1030;Gesundheitsimmobilien (REIT);https://www.ariva.de/aktien/healthpeak-properties-aktie/kennzahlen/fundamentale-kennzahlen
531;Orion Properties;US68629Y1038;Immobilien (REIT);https://www.ariva.de/aktien/orion-properties-inc-aktie/kennzahlen/fundamentale-kennzahlen
532;Deutsche EuroShop;DE0007480204;Immobilien (REIT);https://www.ariva.de/aktien/deutsche-euroshop-aktie/kennzahlen/fundamentale-kennzahlen
533;TAG Immobilien;DE0008303504;Immobilien;https://www.ariva.de/aktien/tag-immobilien-aktie/kennzahlen/fundamentale-kennzahlen
534;LEG Immobilien;DE000LEG1110;Immobilien;https://www.ariva.de/aktien/leg-immobilien-aktie/kennzahlen/fundamentale-kennzahlen
535;Deutsche Wohnen;DE000A0HN5C6;Immobilien;https://www.ariva.de/aktien/deutsche-wohnen-aktie/kennzahlen/fundamentale-kennzahlen
536;PATRIZIA Immobilien;DE000PAT1AG3;Immobilien;https://www.ariva.de/aktien/patrizia-aktie/kennzahlen/fundamentale-kennzahlen
537;Omnicom;US6819191064;Medien/Werbung;https://www.ariva.de/aktien/omnicom-group-inc-aktie/kennzahlen/fundamentale-kennzahlen
538;Electronic Arts;US2855121099;Gaming/Unterhaltung;https://www.ariva.de/aktien/electronic-arts-aktie/kennzahlen/fundamentale-kennzahlen
539;Fox Corp;US35137L1052;Medien;https://www.ariva.de/aktien/fox-corp-aktie/kennzahlen/fundamentale-kennzahlen
540;Walt Disney;US2546871060;Medien/Unterhaltung;https://www.ariva.de/aktien/walt-disney-aktie/kennzahlen/fundamentale-kennzahlen
541;Rollins;US7757111049;Schädlingsbekämpfung;https://www.ariva.de/aktien/rollins-aktie/kennzahlen/fundamentale-kennzahlen
542;Garmin;CH0114405324;Technologie/Navigation;https://www.ariva.de/aktien/garmin-aktie/kennzahlen/fundamentale-kennzahlen
543;Pool Corp;US73278L1052;Poollieferant;https://www.ariva.de/aktien/pool-corp-aktie/kennzahlen/fundamentale-kennzahlen
544;Paradox Interactive;SE0008294953;Gaming;https://www.ariva.de/aktien/paradox-interactive-aktie/kennzahlen/fundamentale-kennzahlen
545;CTS Eventim;DE0005470306;Medien/Ticketing;https://www.ariva.de/aktien/cts-eventim-aktie/kennzahlen/fundamentale-kennzahlen
546;Ströer;DE0007493991;Medien/Außenwerbung;https://www.ariva.de/aktien/stroeer-aktie/kennzahlen/fundamentale-kennzahlen
547;ProSiebenSat.1;DE000PSM7770;Medien;https://www.ariva.de/aktien/prosiebensat-1-media-se-aktie/kennzahlen/fundamentale-kennzahlen
548;Springer Nature;DE000SPG1DE3;Medien/Verlage;https://www.ariva.de/aktien/springer-nature-aktie/kennzahlen/fundamentale-kennzahlen
549;AFLAC;US0010551028;Versicherung;https://www.ariva.de/aktien/aflac-aktie/kennzahlen/fundamentale-kennzahlen
550;MetLife;US59156R1086;Versicherung;https://www.ariva.de/aktien/metlife-aktie/kennzahlen/fundamentale-kennzahlen
551;Prudential Financial;US7443201022;Versicherung;https://www.ariva.de/aktien/prudential-financial-aktie/kennzahlen/fundamentale-kennzahlen
552;Allstate;US0200021014;Versicherung;https://www.ariva.de/aktien/allstate-aktie/kennzahlen/fundamentale-kennzahlen
553;Travelers Companies;US8985161081;Versicherung;https://www.ariva.de/aktien/travelers-companies-inc-aktie/kennzahlen/fundamentale-kennzahlen
554;Chubb;CH0044328745;Versicherung;https://www.ariva.de/aktien/chubb-aktie/kennzahlen/fundamentale-kennzahlen
555;Hartford Financial;US4165151048;Versicherung;https://www.ariva.de/aktien/hartford-financial-services-group-inc-aktie/kennzahlen/fundamentale-kennzahlen
556;Everest Re Group;BMG3223R1088;Versicherung/Rückversicherung;https://www.ariva.de/aktien/everest-re-group-ltd-aktie/kennzahlen/fundamentale-kennzahlen
557;Assurant;US04621X1081;Versicherung;https://www.ariva.de/aktien/assurant-aktie/kennzahlen/fundamentale-kennzahlen
558;W.R. Berkley;US0844231029;Versicherung;https://www.ariva.de/aktien/berkley-corp-aktie/kennzahlen/fundamentale-kennzahlen
559;Cincinnati Financial;US1720621010;Versicherung;https://www.ariva.de/aktien/cincinnati-financial-aktie/kennzahlen/fundamentale-kennzahlen
560;Erie Indemnity;US29530P1021;Versicherung;https://www.ariva.de/aktien/erie-indemnity-company-aktie/kennzahlen/fundamentale-kennzahlen
561;Globe Life;US37959E1029;Versicherung/Lebensversicherung;https://www.ariva.de/aktien/globe-life-inc-aktie/kennzahlen/fundamentale-kennzahlen
562;NN Group;NL0010773842;Versicherung;https://www.ariva.de/aktien/nn-group-aktie/kennzahlen/fundamentale-kennzahlen
563;Swiss Life;CH0014852781;Versicherung/Lebensversicherung;https://www.ariva.de/aktien/swiss-life-aktie/kennzahlen/fundamentale-kennzahlen
564;Uniqa;AT0000821103;Versicherung;https://www.ariva.de/aktien/uniqa-versicherungen-ag-aktie/kennzahlen/fundamentale-kennzahlen
565;Wüstenrot & Württembergische;DE0008051004;Versicherung;https://www.ariva.de/aktien/wuestenrot-wuerttembergische-aktie/kennzahlen/fundamentale-kennzahlen
566;GEA Group;DE0006602006;Industrie/Maschinenbau;https://www.ariva.de/aktien/gea-group-ag-aktie/kennzahlen/fundamentale-kennzahlen
567;Hella;DE000A13SX22;Automobilzulieferer;https://www.ariva.de/aktien/hella-aktie/kennzahlen/fundamentale-kennzahlen
568;Fuchs;DE000A3E5D56;Schmierstoffe;https://www.ariva.de/aktien/fuchs-se-st-aktie/kennzahlen/fundamentale-kennzahlen
569;Fuchs Vz;DE000A3E5D64;Schmierstoffe;https://www.ariva.de/aktien/fuchs-se-vz-aktie/kennzahlen/fundamentale-kennzahlen
570;Vossloh;DE0007667107;Schieneninfrastruktur;https://www.ariva.de/aktien/vossloh-aktie/kennzahlen/fundamentale-kennzahlen
571;KSB Vz;DE0006292006;Industrie/Pumpen;https://www.ariva.de/aktien/ksb-vz-aktie/kennzahlen/fundamentale-kennzahlen
572;JOST Werke;DE000JST4000;Nutzfahrzeugkomponenten;https://www.ariva.de/aktien/jost-werke-aktie/kennzahlen/fundamentale-kennzahlen
573;Henkel;DE0006048432;Konsumgüter;https://www.ariva.de/aktien/henkel-aktie/kennzahlen/fundamentale-kennzahlen
574;Henkel Vz;DE0006048408;Konsumgüter;https://www.ariva.de/aktien/henkel-vz-aktie/kennzahlen/fundamentale-kennzahlen
575;United Internet;DE0005089031;Telekommunikation/Internet;https://www.ariva.de/aktien/united-internet-aktie/kennzahlen/fundamentale-kennzahlen
576;PUMA;DE0006969603;Sportartikel;https://www.ariva.de/aktien/puma-aktie/kennzahlen/fundamentale-kennzahlen
577;Hugo Boss;DE000A1PHFF7;Mode/Luxusgüter;https://www.ariva.de/aktien/hugo-boss-aktie/kennzahlen/fundamentale-kennzahlen
578;HENSOLDT;DE000HAG0005;Rüstung/Sensorik;https://www.ariva.de/aktien/hensoldt-aktie/kennzahlen/fundamentale-kennzahlen
579;KION Group;DE000KGX8881;Industrie/Gabelstapler;https://www.ariva.de/aktien/kion-group-ag-aktie/kennzahlen/fundamentale-kennzahlen
580;Gerresheimer;DE000A0LD6E6;Pharmaverpackung;https://www.ariva.de/aktien/gerresheimer-aktie/kennzahlen/fundamentale-kennzahlen
581;Sixt;DE0007231326;Mobilität/Autovermietung;https://www.ariva.de/aktien/sixt-aktie/kennzahlen/fundamentale-kennzahlen
582;INDUS Holding;DE0006200108;Industrie/Beteiligungen;https://www.ariva.de/aktien/indus-holding-ag-aktie/kennzahlen/fundamentale-kennzahlen
583;CEWE;DE0005403901;Fotodruck;https://www.ariva.de/aktien/cewe-stiftung-kgaa-aktie/kennzahlen/fundamentale-kennzahlen
584;Befesa;LU1704650164;Entsorgung/Metallrecycling;https://www.ariva.de/aktien/befesa-aktie/kennzahlen/fundamentale-kennzahlen
585;Deutsche Beteiligung;DE000A1TNUT7;Beteiligungsgesellschaft;https://www.ariva.de/aktien/deutsche-beteiligungs-ag-aktie/kennzahlen/fundamentale-kennzahlen
586;Energiekontor;DE0005313506;Erneuerbare Energie;https://www.ariva.de/aktien/energiekontor-aktie/kennzahlen/fundamentale-kennzahlen
587;Fielmann;DE0005772206;Optik/Einzelhandel;https://www.ariva.de/aktien/fielmann-aktie/kennzahlen/fundamentale-kennzahlen
588;Hornbach Holding;DE0006083405;Heimwerkereinzelhandel;https://www.ariva.de/aktien/hornbach-holding-aktie/kennzahlen/fundamentale-kennzahlen
589;Verbio;DE000A0JL9W6;Biokraftstoff;https://www.ariva.de/aktien/verbio-se-aktie/kennzahlen/fundamentale-kennzahlen
590;TUI;DE000TUAG505;Touristik;https://www.ariva.de/aktien/tui-aktie/kennzahlen/fundamentale-kennzahlen
591;SCHOTT Pharma;DE000A3ENQ51;Pharmaverpackung;https://www.ariva.de/aktien/schott-pharma-ag-aktie/kennzahlen/fundamentale-kennzahlen
592;Stabilus;LU1066226637;Industrie/Gasfedern;https://www.ariva.de/aktien/stabilus-aktie/kennzahlen/fundamentale-kennzahlen
593;CompuGroup Medical;DE0005437305;Gesundheits-IT;https://www.ariva.de/aktien/compugroup-medical-aktie/kennzahlen/fundamentale-kennzahlen
594;PORR;AT0000609607;Bau/Infrastruktur;https://www.ariva.de/aktien/porr-aktie/kennzahlen/fundamentale-kennzahlen
595;Italmobiliare;IT0005369614;Konglomerat;https://www.ariva.de/aktien/italmobiliare-aktie/kennzahlen/fundamentale-kennzahlen
596;EssilorLuxottica;FR0000121667;Optik;https://www.ariva.de/aktien/essilorluxottica-aktie/kennzahlen/fundamentale-kennzahlen
597;Renault;FR0000131906;Automobil;https://www.ariva.de/aktien/renault-aktie/kennzahlen/fundamentale-kennzahlen
598;Coloplast;DK0060448595;Medizintechnik;https://www.ariva.de/aktien/coloplast-as-aktie/kennzahlen/fundamentale-kennzahlen
599;Philips;NL0000009538;Technologie/Gesundheit;https://www.ariva.de/aktien/philips-aktie/kennzahlen/fundamentale-kennzahlen
600;Villeroy & Boch Vz;DE0007657231;Keramik/Konsumgüter;https://www.ariva.de/aktien/villeroy-boch-ag-vz-aktie/kennzahlen/fundamentale-kennzahlen
601;Wienerberger;AT0000831706;Baustoffe;https://www.ariva.de/aktien/wienerberger-aktie/kennzahlen/fundamentale-kennzahlen
602;Friedrich Vorwerk;DE000A255G02;Energieinfrastruktur;https://www.ariva.de/aktien/friedrich-vorwerk-group-se-aktie/kennzahlen/fundamentale-kennzahlen
603;MBB;DE000A0ETBQ4;Industrie/Beteiligungen;https://www.ariva.de/aktien/mbb-aktie/kennzahlen/fundamentale-kennzahlen
604;Sto Vz;DE0007274136;Baustoffe;https://www.ariva.de/aktien/sto-vz-aktie/kennzahlen/fundamentale-kennzahlen
605;Steico;DE000A0LR4N5;Baustoffe/Holz;https://www.ariva.de/aktien/steico-aktie/kennzahlen/fundamentale-kennzahlen
606;Dermapharm;DE000A2GS5D8;Pharma;https://www.ariva.de/aktien/dermapharm-holding-se-aktie/kennzahlen/fundamentale-kennzahlen
607;Adtran Networks;DE0005103006;Technologie/Netzwerk;https://www.ariva.de/aktien/adva-optical-network-se-aktie/kennzahlen/fundamentale-kennzahlen
608;Salzgitter;DE0006202005;Stahl;https://www.ariva.de/aktien/indus_holding_ag-aktie/kennzahlen/fundamentale-kennzahlen
609;Amadeus Fire;DE0005093092;Personaldienstleistungen;https://www.ariva.de/aktien/amadeus-fire-aktie/kennzahlen/fundamentale-kennzahlen
610;Dürr;DE0005565204;Industrie/Lackierung;https://www.ariva.de/aktien/duerr-aktie/kennzahlen/fundamentale-kennzahlen
611;Berentzen;DE0005201602;Getränke/Spirituosen;https://www.ariva.de/aktien/berentzen-gruppe-ag-aktie/kennzahlen/fundamentale-kennzahlen
612;ABO Energy;DE0005760029;Erneuerbare Energie;https://www.ariva.de/aktien/abo-energy-aktie/kennzahlen/fundamentale-kennzahlen
613;Deutsche Rohstoff;DE000A0XYG76;Rohstoffe;https://www.ariva.de/aktien/deutsche-rohstoff-aktie/kennzahlen/fundamentale-kennzahlen
614;KLOECKNER;DE000KC01000;Stahl/Metallhandel;https://www.ariva.de/aktien/kloeckner-aktie/kennzahlen/fundamentale-kennzahlen
615;SAF-Holland;LU0113386008;Nutzfahrzeugkomponenten;https://www.ariva.de/aktien/saf-holland-aktie/kennzahlen/fundamentale-kennzahlen
616;Uniper;DE000UNSE038;Energie/Versorger;https://www.ariva.de/aktien/uniper-aktie/kennzahlen/fundamentale-kennzahlen
617;Deutz;DE0006305006;Industrie/Motoren;https://www.ariva.de/aktien/deutz-aktie/kennzahlen/fundamentale-kennzahlen
618;Wacker Neuson;DE000WACK012;Baumaschinen;https://www.ariva.de/aktien/wacker-neuson-aktie/kennzahlen/fundamentale-kennzahlen
619;NORMA Group;DE000A1H8BV3;Industrie/Verbindungstechnik;https://www.ariva.de/aktien/norma-group-aktie/kennzahlen/fundamentale-kennzahlen
620;1&1;DE0005545503;Telekommunikation;https://www.ariva.de/aktien/1-1-ag-aktie/kennzahlen/fundamentale-kennzahlen
621;PNE;DE000A0JBPG2;Erneuerbare Energie;https://www.ariva.de/aktien/pne-aktie/kennzahlen/fundamentale-kennzahlen
622;TAKKT;DE0007446007;Versandhandel/B2B;https://www.ariva.de/aktien/takkt-aktie/kennzahlen/fundamentale-kennzahlen
623;Drägerwerk Vz;DE0005550636;Medizintechnik/Sicherheit;https://www.ariva.de/aktien/draegerwerk-ag-co-kgaa-vz-aktie/kennzahlen/fundamentale-kennzahlen
624;Allgeier;DE0005086000;IT-Dienstleistungen;https://www.ariva.de/aktien/allgeier-aktie/kennzahlen/fundamentale-kennzahlen
625;Texas Pacific Land;US8826811098;Land/Energie;https://www.ariva.de/aktien/texas-pacific-land-corp-aktie/kennzahlen/fundamentale-kennzahlen
626;Jungheinrich Vz;DE0000000000;Industrie/Logistik;https://www.ariva.de/aktien/jungheinrich-vz-aktie/kennzahlen/fundamentale-kennzahlen
627;Verizon Communications;US9243291021;Telekommunikation;https://www.ariva.de/aktien/verizon-aktie/kennzahlen/fundamentale-kennzahlen
628;WEC Energy Group;US9279038038;Versorger;https://www.ariva.de/aktien/wec-energy-group-inc-aktie/kennzahlen/fundamentale-kennzahlen
629;PG&E Corporation;US6955541027;Versorger;https://www.ariva.de/aktien/pg-e-corp-aktie/kennzahlen/fundamentale-kennzahlen
630;Hershey Company;US4278661036;Lebensmittel;https://www.ariva.de/aktien/hershey-company-aktie/kennzahlen/fundamentale-kennzahlen
631;FactSet Research Systems;US30307L1026;Finanztech/Software;https://www.ariva.de/aktien/factset-research-systems-inc-aktie/kennzahlen/fundamentale-kennzahlen
632;Broadridge Financial Solutions;US11120U1051;Finanztechnologie;https://www.ariva.de/aktien/broadridge-financial-solutions-inc-aktie/kennzahlen/fundamentale-kennzahlen
633;Tanger Inc.;US8754651060;Immobilien (REIT);https://www.ariva.de/aktien/tanger-inc-aktie/kennzahlen/fundamentale-kennzahlen
634;JD.com ADR;US46625H1005;E-Commerce/Technologie;https://www.ariva.de/aktien/jd-com-inc-aktie/kennzahlen/fundamentale-kennzahlen
635;Daimler Truck Holding;DE000DTROK8;Automobil;https://www.ariva.de/aktien/daimler-truck-holding-ag-aktie/kennzahlen/fundamentale-kennzahlen
636;Merck KGaA;DE000A2PGMG3;Pharma/Chemie;https://www.ariva.de/aktien/merck-kgaa-aktie/kennzahlen/fundamentale-kennzahlen
637;Fuchs SE Stamm;DE005785802;Schmierstoffe;https://www.ariva.de/aktien/fuchs-se-st-aktie/kennzahlen/fundamentale-kennzahlen
638;argenx;NL0010832176;Biotechnologie;https://www.ariva.de/aktien/argenx-se-aktie/kennzahlen/fundamentale-kennzahlen
639;Friedrich Vorwerk Group SE;DE000A2G5602;Industrie/Netzinfrastruktur;https://www.ariva.de/aktien/friedrich-vorwerk-group-se-aktie/kennzahlen/fundamentale-kennzahlen
640;Berentzen Gruppe;DE000A0MNFH8;Getränke/Spirituosen;https://www.ariva.de/aktien/berentzen-gruppe-ag-aktie/kennzahlen/fundamentale-kennzahlen
641;Nagarro SE;DE000NA9GNSL;IT-Dienstleistungen;https://www.ariva.de/aktien/nagarro-se-aktie/kennzahlen/fundamentale-kennzahlen
642;Höegh Autoliners ASA;NO0011082075;Schifffahrt;https://www.ariva.de/aktien/hoegh-autoliners-asa-aktie/kennzahlen/fundamentale-kennzahlen
643;Aurizon Holdings;AU000000AZJ1;Schienenlogistik;https://www.ariva.de/aktien/aurizon-holdings-ltd-aktie/kennzahlen/fundamentale-kennzahlen
644;Haier Smart Home;CNE1000003W2;Konsumgüter;https://www.ariva.de/aktien/haier-smart-home-co-ltd-aktie/kennzahlen/fundamentale-kennzahlen
645;Prosus;NL0013654783;IT-Dienstleistungen;https://www.ariva.de/aktien/prosus-nv-aktie/kennzahlen/fundamentale-kennzahlen
